HITSS - Ativos - [rhfp0773];;;;;;;;;;;;;;;;;;;;;;;;;;;;;;;;;;;;;;;;;;;;;;;;;;;;;;;;;;;;;;;;;;;;;;;;;;;;;;;;;;;;;;;;;;;;;;;;;;;;;;;;;;;;;;;;;;;;;;;;;;;;;;;;;;;;;;;;;;;;;;;;;;;;;;;;;;;;;;;;;;;;;;;;;;;;;;
HITSS - Ativos;;;;;;;;;;;;;;;;;;;;;;;;;;;;;;;;;;;;;;;;;;;;;;;;;;;;;;;;;;;;;;;;;;;;;;;;;;;;;;;;;;;;;;;;;;;;;;;;;;;;;;;;;;;;;;;;;;;;;;;;;;;;;;;;;;;;;;;;;;;;;;;;;;;;;;;;;;;;;;;;;;;;;;;;;;;;;;
;;;;;;;;;;;;;;;;;;;;;;;;;;;;;;;;;;;;;;;;;;;;;;;;;;;;;;;;;;;;;;;;;;;;;;;;;;;;;;;;;;;;;;;;;;;;;;;;;;;;;;;;;;;;;;;;;;;;;;;;;;;;;;;;;;;;;;;;;;;;;;;;;;;;;;;;;;;;;;;;;;;;;;;;;;;;;;
Data/Hora: 22/10/2025 23:07;;;;;;;;;;;;;;;;;;;;;;;;;;;;;;;;;;;;;;;;;;;;;;;;;;;;;;;;;;;;;;;;;;;;;;;;;;;;;;;;;;;;;;;;;;;;;;;;;;;;;;;;;;;;;;;;;;;;;;;;;;;;;;;;;;;;;;;;;;;;;;;;;;;;;;;;;;;;;;;;;;;;;;;;;;;;;;
;;;;;;;;;;;;;;;;;;;;;;;;;;;;;;;;;;;;;;;;;;;;;;;;;;;;;;;;;;;;;;;;;;;;;;;;;;;;;;;;;;;;;;;;;;;;;;;;;;;;;;;;;;;;;;;;;;;;;;;;;;;;;;;;;;;;;;;;;;;;;;;;;;;;;;;;;;;;;;;;;;;;;;;;;;;;;;
Nome:;JESSICA GOMES CANDIDO;Matrícula:;181353;;;;;;;;;;;;;;;;;;;;;;;;;;;;;;;;;;;;;;;;;;;;;;;;;;;;;;;;;;;;;;;;;;;;;;;;;;;;;;;;;;;;;;;;;;;;;;;;;;;;;;;;;;;;;;;;;;;;;;;;;;;;;;;;;;;;;;;;;;;;;;;;;;;;;;;;;;;;;;;;;;;;;;;;;;;
;;;;;;;;;;;;;;;;;;;;;;;;;;;;;;;;;;;;;;;;;;;;;;;;;;;;;;;;;;;;;;;;;;;;;;;;;;;;;;;;;;;;;;;;;;;;;;;;;;;;;;;;;;;;;;;;;;;;;;;;;;;;;;;;;;;;;;;;;;;;;;;;;;;;;;;;;;;;;;;;;;;;;;;;;;;;;;
Critério de pesquisa > Sem critério de pesquisa ;;;;;;;;;;;;;;;;;;;;;;;;;;;;;;;;;;;;;;;;;;;;;;;;;;;;;;;;;;;;;;;;;;;;;;;;;;;;;;;;;;;;;;;;;;;;;;;;;;;;;;;;;;;;;;;;;;;;;;;;;;;;;;;;;;;;;;;;;;;;;;;;;;;;;;;;;;;;;;;;;;;;;;;;;;;;;;
;;;;;;;;;;;;;;;;;;;;;;;;;;;;;;;;;;;;;;;;;;;;;;;;;;;;;;;;;;;;;;;;;;;;;;;;;;;;;;;;;;;;;;;;;;;;;;;;;;;;;;;;;;;;;;;;;;;;;;;;;;;;;;;;;;;;;;;;;;;;;;;;;;;;;;;;;;;;;;;;;;;;;;;;;;;;;;
MATRICULA;NOME;NOME_COMPLETO;APELIDO;SITUACAO;DATA_ADMISSAO;DATA_NASCIMENTO;COD_NACIONALIDADE;NACIONALIDADE;FERIAS_INICIO;FERIAS_RETORNO;AFASTA_CODIGO;AFASTA_TIPO;AFASTA_INICIO;AFASTA_RETORNO;DATA_ESTABILIDADE;IDADE;TEMPO_CASA;IDADE_TEXTO;TEMPO_CASA_TEXTO;DEMISSAO_DATA;DEMISSAO_PROCESSO_COD;DEMISSAO_PROCESSO;DEMISSAO_MOTIVO_COD;DEMISSAO_MOTIVO;AVISO_PREVIO_IND;CPF;RG;RG_ESTADO_EMISSOR;RG_ORGAO_EMISSOR;RG_DATA_EMISSAO;RNE_NRO;RNE_ORGAO_EMISSOR;RNE_DATA_EMISSAO;CTPS_NRO;CTPS_SERIE;CTPS_LETRA;CTPS_EST_EMISSOR;PIS;NR_TITULO;SECAO_ELEITORAL;ZONA_ELEITORAL;RESERVISTA_NRO;SERIE_CERT_RESERVISTA;ESTADO_CIVIL_COD;ESTADO_CIVIL;SEXO;SEXO_DESCRICAO;ESCOLARIDADE_COD;ESCOLARIDADE;TIPO_COLAB_COD;TIPO_COLAB;REG_APLIC;TIPO_FOLHA_COD;TIPO_FOLHA;POSICAO;CARGO_COD;CARGO;CARGO_CBO;SALARIO;COD_TAB_SAL;TAB_SALARIAL;NIVEL_SAL;NIVEL_SAL_DESC;COD_STEP_SAL;STEP_SAL;PONTOS_BENEF;JORNADA;CRACHA;MATRICULA_DRT;REGIME;LOCALIZACAO_COD;LOCALIZACAO;DEPARTAMENTO_COD;DEPARTAMENTO;DEPARTAMENTO_SIGLA;EMPRESA_COD;EMPRESA;EMPRESA_SIGLA;COD_AGRUPADOR;AGRUPADOR;DIRETORIA;RAZAO_SOCIAL;CNPJ;CENTRO_CUSTO;EMPRESA_CIDADE;EMPRESA_ESTADO;DAD067_AGRUP_CONT;DESCR_DAD067_AGRUP_CONT;DAD068_EMP_CTB;DESCR_DAD068_EMP_CTB;DAD089_SISTEMA_CTB;DESCR_DAD089_SISTEMA_CTB;DAD103_AREA;DESCR_DAD103_AREA;DAD104_DIRETORIA_EXEC;DESCR_DAD104_DIRETORIA_EXEC;DAD105_DIRETORIA_DEPTO;DESCR_DAD105_DIRETORIA_DEPTO;DAD116_CENTRO_CUSTO;DESCR_DAD116_CENTRO_CUSTO;DAD117_REGIONAL;DESCR_DAD117_REGIONAL;DAD118_DEPARTAMENTO;DESCR_DAD118_DEPARTAMENTO;DAD119_REGIONAL_GERENC;DESCR_DAD119_REGIONAL_GERENC;DAD120_UNIDADE_NEGOCIO;DESCR_DAD120_UNIDADE_NEGOCIO;DAD121_GERENCIA_DEPTO;DESCR_DAD121_GERENCIA_DEPTO;DAD123_AREA;DAD123_AREA_DESCRICAO;CARGA_HORARIA_CARGO;MARCA_PONTO;COMISSIONADO;RESERVADO1;CLASSIF_FUNC_CODIGO;CLASSIF_FUNC_DESCRICAO;ID_GESTOR;GESTOR;CODIGO_DEPART_GESTOR;DEPARTAMENTO_GESTOR;RACA_COR;RACA_DESCRICAO;DEFICIENTE;TIPO_DEFICIENCIA;EMAIL;USUARIO;DOADOR;TIPO_SANGUINEO;TIPO_PAGTO;COD_BANCO;BANCO_PAGTO;AGENCIA_PAGTO;CONTA_CORRENTE;ENDERECO_RUA;ENDERECO_NUM;ENDERECO_CEP;TELEFONE;CIDADE_NASCIMENTO;ESTADO_NASCIMENTO;PAIS_NASCIMENTO;CELULAR;RESIDENCIAL;COMERCIAL;BAIRRO;CIDADE;COMPLEMENTO_END;ESTADO;NRO_DEPENDENTES_IR;NRO_DEPENDENTES_SF;NOME_PAI;COD_NACIONAL_PAI;NACIONALIDADE_PAI;NOME_MAE;COD_NACIONAL_MAE;NACIONALIDADE_MAE;SIND_CATEGORIA_COD;SIND_CATEGORIA_DESC;SIND_PREDOMINANTE_COD;SIND_PREDOMINANTE_DESC;SIND_ASSOCIADO_COD;SIND_ASSOCIADO_DESC;REGIAO_SINDICAL_COD;REGIAO_SINDICAL_DESC;DATA_INI_PRAZO_DETERMINADO;DATA_FIM_PRAZO_DETERMINADO;DATA_ATUALIZACAO;DATA_AVISO_PREVIO_PROJETADO;ID_GESTOR_PONTO_55;GESTOR_PONTO_55;EMAIL_GESTOR_PONTO_55;EMAIL_PESS;E_MAILGESTOR
965155;PEDRO VOLPI RODRIGUES;PEDRO VOLPI RODRIGUES;PEDRO;ATIVO;13/05/2024;02/02/2007;10;BRASIL; ; ; ; ; ; ; ;18;1;18 Ano(s),08 Mes(es) e20 Dia(s);01 Ano(s),05 Mes(es) e09 Dia(s); ; ; ; ; ; ;439.047.448-01;58494865-7/SP;SP;SSP;18/07/2015; ; ; ;4390474;4801;sp;SP;26986836218; ; ; ; ; ;S;SOLTEIRO;M;MASCULINO;6;SEGUNDO GRAU INCOMPLETO;M;APRENDIZ;F;H30;HITSS FOLHA ULTIMO DIA MÊS;261454;23634;APRENDIZ OP MICROCOMPUTADOR;317205;713.2;TS100;TABELA SALARIAL - 100;39 - APR / EST;APR / EST;90;90; ;100; ;2206;Mensalista;CE023;HITSS;HSP3870269;PROJETO JOVEM APRENDIZ;HITSS;CE023002;HITSS-CAMPINAS-BERNARDINO DE CAMPOS; ;CE023;HITSS DO BRASIL SERVICOS TECNOLOGICOS LTDA;HITSS;HITSS DO BRASIL SERVICOS TECNOLOGICOS LTDA;011.168.199/0002-69;85SPSP8H66;CAMPINAS;SP;G; ;HIT;HITSS DO BRASIL;SAPCLR_UNICO;SAP - CLAROUNICO; ; ;1040199;HITSS;1050414;HITSS;1161954;HITSS;N.S.A.;NAO INFORMADO;1182636;HITSS;1;NAO SE APLICA;1200011;GLOBAL HITSS;1210123;HITSS;1230192;HITSS;180;S;N; ;842;HAPR;173848;NILSON REZENDE CAMPOS;HSP2870269;NET;2;BRANCA;N; ;pedro.rodrigues@globalhitss.com.br;PEDRO.RODRIGUES;N; ;Conta Corrente;341;341-ITAU;3036;28246-9;RUA MANUEL ALEXANDRE;46;2410100;11-22632824;SAO PAULO;SP;10;11- 994491440; ; ;VILA AURORA ZONA NORTE;SAO PAULO; ;SP;0;0;EDENILSON SANTOS RODRIGUES;10;BRASIL;SANDRA REGINA DE ALENCAR VOLPI RODRIGUES;10;BRASIL;47;SINDPD SP;47;SINDPD SP;47;SINDPD SP;56;SINDPD-SP; ; ;26/09/2025; ;173848;NILSON REZENDE CAMPOS;nilson.campos@globalhitss.com.br;pe.volpi2007@gmail.com;nilson.campos@globalhitss.com.br
969232;ISABELLA PIETRA RODRIGUES;ISABELLA PIETRA RODRIGUES;ISABELLA;ATIVO;07/10/2024;25/08/2006;10;BRASIL; ; ; ; ; ; ; ;19;1;19 Ano(s),01 Mes(es) e28 Dia(s);01 Ano(s),00 Mes(es) e15 Dia(s); ; ; ; ; ; ;548.755.348-33;636734821-/SP;SP;SSP;15/05/2024; ; ; ;5487553;4833; ;SP;26932832605; ; ; ; ; ;S;SOLTEIRO;F;FEMININO;6;SEGUNDO GRAU INCOMPLETO;M;APRENDIZ;F;H30;HITSS FOLHA ULTIMO DIA MÊS;264935;23634;APRENDIZ OP MICROCOMPUTADOR;317205;713.2;TS100;TABELA SALARIAL - 100;39 - APR / EST;APR / EST;90;90; ;100; ;2610;Mensalista;CE023;HITSS;HSP3870269;PROJETO JOVEM APRENDIZ;HITSS;CE023002;HITSS-CAMPINAS-BERNARDINO DE CAMPOS; ;CE023;HITSS DO BRASIL SERVICOS TECNOLOGICOS LTDA;HITSS;HITSS DO BRASIL SERVICOS TECNOLOGICOS LTDA;011.168.199/0002-69;85SPSP8H66;CAMPINAS;SP;G; ;HIT;HITSS DO BRASIL;SAPCLR_UNICO;SAP - CLAROUNICO; ; ;1040199;HITSS;1050414;HITSS;1161954;HITSS;N.S.A.;NAO INFORMADO;1182636;HITSS;1;NAO SE APLICA;1200011;GLOBAL HITSS;1210123;HITSS;1230192;HITSS;180;S;N; ;842;HAPR;185818;ALEX DE OLIVEIRA FERREIRA;HSP3230269;AMIL - SP/CAS;8;PARDA;N; ;isabella.rodrigues@globalhitss.com.br;ISABELLA.RODRIGUES; ; ;Conta Corrente;341;341-ITAU;2782;18723-7;RUA ARISTIDES CEREZOLI;91;9404540;-;MAUA;SP;10;11-944416109; ; ;PILHAR VELHO;RIBEIRAO PIRES; ;SP;0;0;KLEBER EDUARDO RODRIGUES;10;BRASIL;ELIZANGELA SALUSTIANO RODRIGUES;10;BRASIL;47;SINDPD SP;47;SINDPD SP; ; ;56;SINDPD-SP; ; ;26/09/2025; ;185818;ALEX DE OLIVEIRA FERREIRA;alexde.ferreira@globalhitss.com.br;isabellapietra2508@gmail.com;alexde.ferreira@globalhitss.com.br
965106;PEDRO HENRIQUE LIMA DE OLIVEIRA;PEDRO HENRIQUE LIMA DE OLIVEIRA;PEDRO;FÉRIAS;13/05/2024;26/01/2007;10;BRASIL;22/10/2025;06/11/2025; ; ; ; ; ;18;1;18 Ano(s),08 Mes(es) e27 Dia(s);01 Ano(s),05 Mes(es) e09 Dia(s); ; ; ; ; ; ;452.662.028-90;582664445-/SP;SP;SSP;11/04/2024; ; ; ;4526620;2890;sp;SP;26948952966; ; ; ; ; ;S;SOLTEIRO;M;MASCULINO;6;SEGUNDO GRAU INCOMPLETO;M;APRENDIZ;F;H30;HITSS FOLHA ULTIMO DIA MÊS;261448;23634;APRENDIZ OP MICROCOMPUTADOR;317205;713.2;TS100;TABELA SALARIAL - 100;39 - APR / EST;APR / EST;90;90; ;100; ;2201;Mensalista;CE023;HITSS;HSP3870269;PROJETO JOVEM APRENDIZ;HITSS;CE023002;HITSS-CAMPINAS-BERNARDINO DE CAMPOS; ;CE023;HITSS DO BRASIL SERVICOS TECNOLOGICOS LTDA;HITSS;HITSS DO BRASIL SERVICOS TECNOLOGICOS LTDA;011.168.199/0002-69;85SPSP8H66;CAMPINAS;SP;G; ;HIT;HITSS DO BRASIL;SAPCLR_UNICO;SAP - CLAROUNICO; ; ;1040199;HITSS;1050414;HITSS;1161954;HITSS;N.S.A.;NAO INFORMADO;1182636;HITSS;1;NAO SE APLICA;1200011;GLOBAL HITSS;1210123;HITSS;1230192;HITSS;180;S;N; ;842;HAPR;964894;ANDRE AFONSO MARCOS;HSP2880269;CLARO;2;BRANCA;N; ;pedro.oliveira@globalhitss.com.br;PEDRO.OLIVEIRA; ; ;Conta Corrente;341;341-ITAU;65;32063-2;RUA RUBENS MEIRELES;442;1141000;-;SAO PAULO;SP;10;11-950402124; ; ;VARZEA DA BARRA FUNDA;SAO PAULO;AP 153 T2;SP;0;0;ROBSON GONCALVES DE OLIVEIRA;10;BRASIL;ADRIANA LIMA DE OLIVEIRA;10;BRASIL;47;SINDPD SP;47;SINDPD SP; ; ;56;SINDPD-SP; ; ;26/09/2025; ;964894;ANDRE AFONSO MARCOS;andre.marcos@globalhitss.com.br;pholiveralima2007@gmail.com;andre.marcos@globalhitss.com.br
969215;THAYNARA MARQUES CORREA;THAYNARA MARQUES CORREA;THAYNARA;ATIVO;07/10/2024;07/12/2005;10;BRASIL; ; ; ; ; ; ; ;19;1;19 Ano(s),10 Mes(es) e15 Dia(s);01 Ano(s),00 Mes(es) e15 Dia(s); ; ; ; ; ; ;076.256.511-00;4247117-/DF;DF;SSP;19/10/2020; ; ; ;762565;1100; ;DF;23669351147;28699182011;14;2; ; ;S;SOLTEIRO;F;FEMININO;6;SEGUNDO GRAU INCOMPLETO;M;APRENDIZ;F;H30;HITSS FOLHA ULTIMO DIA MÊS;264929;23634;APRENDIZ OP MICROCOMPUTADOR;317205;713.2;TS95;TABELA SALARIAL - 95;39 - APR / EST;APR / EST;90;90; ;100; ;1174;Mensalista;CE023;HITSS;HDF4970340;PROJETO JOVEM APRENDIZ;HITSS;CE023003;HITSS-BRASILIA-ST SCS QUADRA 05; ;CE023;HITSS DO BRASIL SERVICOS TECNOLOGICOS LTDA;HITSS;HITSS DO BRASIL SERVICOS TECNOLOGICOS LTDA;011.168.199/0003-40;85RJRE8H66;BRASILIA;DF;G; ;HIT;HITSS DO BRASIL;SAPCLR_UNICO;SAP - CLAROUNICO; ; ;1040199;HITSS;1050414;HITSS;1161954;HITSS;N.S.A.;NAO INFORMADO;1182636;HITSS;1;NAO SE APLICA;1200011;GLOBAL HITSS;1210123;HITSS;1230192;HITSS;180;S;N; ;842;HAPR;963227;VICENTE AURELIO VIEIRA DE SOUSA;HDF4CO8H73;EBSERH;8;PARDA;N; ;thaynara.correa@globalhitss.com.br;THAYNARA.CORREA; ; ;Conta Corrente;341;341-ITAU;7986;59003-7;QUADRA 04 CONJUNTO 1;416;71570400;-;BRASILIA;DF;10;61-991436751; ; ;PARANOA;BRASILIA;LT 6 BL O APTO 202;DF;0;0;JOAO BATISTA CORREA;10;BRASIL;JEANE MARQUES PEREIRA;10;BRASIL;46;SINDPD DF;46;SINDPD DF; ; ;57;SINDPD DF; ; ;26/09/2025; ;963227;VICENTE AURELIO VIEIRA DE SOUSA;vicente.sousa@globalhitss.com.br;thaynaramarqs@gmail.com;vicente.sousa@globalhitss.com.br
964873;JOAO PEDRO DA COSTA VIANA;JOAO PEDRO DA COSTA VIANA;JOAO;ATIVO;06/05/2024;17/08/2003;10;BRASIL; ; ; ; ; ; ; ;22;1;22 Ano(s),02 Mes(es) e05 Dia(s);01 Ano(s),05 Mes(es) e16 Dia(s); ; ; ; ; ; ;200.324.267-80;25816532-3/RJ;RJ;DETRAN;03/09/2021; ; ; ;2003242;6780;RJ;RJ;14878731830;1,78255E+11;119;260;32000576648;1;S;SOLTEIRO;M;MASCULINO;8;SUPERIOR INCOMPLETO;M;APRENDIZ;F;H30;HITSS FOLHA ULTIMO DIA MÊS;230218;23634;APRENDIZ OP MICROCOMPUTADOR;317205;713.2;TS95;TABELA SALARIAL - 95;39 - APR / EST;APR / EST;90;90; ;100; ;570;Mensalista;CE023;HITSS;HRJ1660188;PROJETO JOVEM APRENDIZ;HITSS;CE023001;HITSS-RIO DE JANEIRO-PRESIDENTE VARGAS; ;CE023;HITSS DO BRASIL SERVICOS TECNOLOGICOS LTDA;HITSS;HITSS DO BRASIL SERVICOS TECNOLOGICOS LTDA;011.168.199/0001-88;85MZBR8H78;RIO DE JANEIRO;RJ;G; ;HIT;HITSS DO BRASIL;SAPCLR_UNICO;SAP - CLAROUNICO; ; ;1040199;HITSS;1050414;HITSS;1161954;HITSS;N.S.A.;NAO INFORMADO;1182636;HITSS;1;NAO SE APLICA;1200011;GLOBAL HITSS;1210123;HITSS;1230192;HITSS;180;S;N; ;842;HAPR;171673;ALESSANDRA VAZ NUNES;HRJ0570188;VIA EMBRATEL / IBM;8;PARDA;N; ;joao.viana@globalhitss.com.br;JOAO.VIANA; ; ;Conta Corrente;341;341-ITAU;9166;58576-1;RUA MARIO FERREIRA;402;20761260;-;RIO DE JANEIRO;RJ;10;21-964636409; ; ;ENGENHO DA RAINHA;RIO DE JANEIRO;FUNDOS;RJ;0;0;MAURO SERGIO DA COSTA VIANA; ; ;NEIDE DAIANNA PEREIRA DA COSTA; ; ;44;SINDPD RJ;44;SINDPD RJ; ; ;55;SINDPD RJ; ; ;26/09/2025; ;171673;ALESSANDRA VAZ NUNES;alessandra.nunes@globalhitss.com.br;jpedro0817@gmail.com;alessandra.nunes@globalhitss.com.br
964875;NAYARA KELLY DA SILVA;NAYARA KELLY DA SILVA;NAYARA;ATIVO;06/05/2024;29/10/2007;10;BRASIL; ; ; ; ; ; ; ;18;1;17 Ano(s),11 Mes(es) e24 Dia(s);01 Ano(s),05 Mes(es) e16 Dia(s); ; ; ; ; ; ;169.854.847-86;26534900-1/RJ;RJ;DETRAN;20/03/2015; ; ; ;1698548;4786;RJ;RJ;16688113881;1,8405E+11;279;214; ; ;S;SOLTEIRO;F;FEMININO;6;SEGUNDO GRAU INCOMPLETO;M;APRENDIZ;F;H30;HITSS FOLHA ULTIMO DIA MÊS;230217;23634;APRENDIZ OP MICROCOMPUTADOR;317205;713.2;TS95;TABELA SALARIAL - 95;39 - APR / EST;APR / EST;90;90; ;100; ;571;Mensalista;CE023;HITSS;HRJ1660188;PROJETO JOVEM APRENDIZ;HITSS;CE023001;HITSS-RIO DE JANEIRO-PRESIDENTE VARGAS; ;CE023;HITSS DO BRASIL SERVICOS TECNOLOGICOS LTDA;HITSS;HITSS DO BRASIL SERVICOS TECNOLOGICOS LTDA;011.168.199/0001-88;85MZBR8H78;RIO DE JANEIRO;RJ;G; ;HIT;HITSS DO BRASIL;SAPCLR_UNICO;SAP - CLAROUNICO; ; ;1040199;HITSS;1050414;HITSS;1161954;HITSS;N.S.A.;NAO INFORMADO;1182636;HITSS;1;NAO SE APLICA;1200011;GLOBAL HITSS;1210123;HITSS;1230192;HITSS;180;S;N; ;842;HAPR;180648;PAULO ROBERTO SILVA LEONARDO;HSP5300269;TI INTERNO;8;PARDA;N; ;nayara.silva@globalhitss.com.br;NAYARA.SILVA; ; ;Conta Corrente;341;341-ITAU;306;23259-6;RUA MARECHAL BITTENCOURT;57;20950200;-;BELFORD ROXO;RJ;10;21-993611421; ; ;RIACHUELO;RIO DE JANEIRO;AP 402;RJ;0;0;FRANCISCO CANINDE DA SILVA LOPES; ; ;GLEICE KELLY DA CONCEICAO TEIXEIRA; ; ;44;SINDPD RJ;44;SINDPD RJ; ; ;55;SINDPD RJ; ; ;26/09/2025; ;180648;PAULO ROBERTO SILVA LEONARDO;paulo.leonardo@globalhitss.com.br;nayarakelly410@gmail.com;paulo.leonardo@globalhitss.com.br
974133;BEATRIZ SILVA MIRANDA;BEATRIZ SILVA MIRANDA;BEATRIZ;ATIVO;10/03/2025;08/01/2007;10;BRASIL; ; ; ; ; ; ; ;18;0;18 Ano(s),09 Mes(es) e14 Dia(s);00 Ano(s),07 Mes(es) e11 Dia(s); ; ; ; ; ; ;530.421.398-08;521580560-/SP;SP;SSP;15/02/2023; ; ; ;5304213;9808; ;SP;23781822059;4,8808E+11;78;408; ; ;S;SOLTEIRO;F;FEMININO;7;SEGUNDO GRAU COMPLETO;M;APRENDIZ;F;H30;HITSS FOLHA ULTIMO DIA MÊS;269964;23634;APRENDIZ OP MICROCOMPUTADOR;317205;713.2;TS100;TABELA SALARIAL - 100;39 - APR / EST;APR / EST;90;90; ;100; ;3056;Mensalista;CE023;HITSS;HSP2540269;DIRETORIA DE OPERAÇÕES;HITSS;CE023002;HITSS-CAMPINAS-BERNARDINO DE CAMPOS; ;CE023;HITSS DO BRASIL SERVICOS TECNOLOGICOS LTDA;HITSS;HITSS DO BRASIL SERVICOS TECNOLOGICOS LTDA;011.168.199/0002-69;85SPSP8H66;CAMPINAS;SP;G; ;HIT;HITSS DO BRASIL;SAPCLR_UNICO;SAP - CLAROUNICO; ; ;1040199;HITSS;1050414;HITSS;1161954;HITSS;N.S.A.;NAO INFORMADO;1182636;HITSS;1;NAO SE APLICA;1200011;GLOBAL HITSS;1210123;HITSS;1230192;HITSS;180;S;N; ;842;HAPR;183104;MARCIO VIEIRA PADILHA;HSP2900269;PRIMESYS;8;PARDA;N; ;beatriz.miranda@globalhitss.com.br;BEATRIZ.MIRANDA; ; ;Conta Corrente;341;341-ITAU;7867;60320-6;RUA VITALINA GRASSMAN;65;5836270;-;SAO PAULO;SP;10;11-951066731;11-951066731; ;JARDIM MONTE AZUL;SAO PAULO;B;SP;0;0;FRANCISCO DOS SANTOS MIRANDA;10;BRASIL;JOSEFA MARIA DA SILVA;10;BRASIL;47;SINDPD SP;47;SINDPD SP; ; ;56;SINDPD-SP;10/03/2025;16/12/2026;26/09/2025; ;183104;MARCIO VIEIRA PADILHA;marcio.padilha@globalhitss.com.br;beatrizs_m@icloud.com;marcio.padilha@globalhitss.com.br
968435;ANTONIO GIRARDELLO MIGUEL;ANTONIO GIRARDELLO MIGUEL;ANTONIO;ATIVO;04/09/2024;16/02/2003;10;BRASIL; ; ; ; ; ; ; ;22;1;22 Ano(s),08 Mes(es) e06 Dia(s);01 Ano(s),01 Mes(es) e18 Dia(s); ; ; ; ; ; ;131.546.497-78;31852195-2/RJ;RJ;DETRAN;08/02/2021; ; ; ;1315464;9778;RJ;RJ;13847191186;1,75571E+11;26;211;32000559523; ;S;SOLTEIRO;M;MASCULINO;8;SUPERIOR INCOMPLETO;E;ESTAGIARIO;E;H30;HITSS FOLHA ULTIMO DIA MÊS;264198;22822;ESTAGIARIO;411005;1800;TS100;TABELA SALARIAL - 100;42 - AO3;AO3;90;90; ;150; ; ;Mensalista; ; ;HRJ0640188;DIRETORIA DE OPERAÇÕES;HITSS;CE023001;HITSS-RIO DE JANEIRO-PRESIDENTE VARGAS; ;CE023;HITSS DO BRASIL SERVICOS TECNOLOGICOS LTDA;HITSS;HITSS DO BRASIL SERVICOS TECNOLOGICOS LTDA;011.168.199/0001-88;85MZBR8Q48;RIO DE JANEIRO;RJ;G; ;HIT;HITSS DO BRASIL;SAPCLR_UNICO;SAP - CLAROUNICO; ; ;1040199;HITSS;1050414;HITSS;1161954;HITSS;N.S.A.;NAO INFORMADO;1182636;HITSS;1;NAO SE APLICA;1200011;GLOBAL HITSS;1210123;HITSS;1230192;HITSS;180;S;N; ;845;HEST;187695;ANDERSON ALESSANDRO SILVA PEDRO;HSP2880269;CLARO;2;BRANCA;N; ;antonio.miguel@globalhitss.com.br;ANTONIO.MIGUEL; ; ;Conta Corrente;341;341-ITAU;272;38661-6;RUA ARTUR ARARIPE;33;22451020;-;RIO DE JANEIRO;RJ;10; ; ; ;GAVEA;RIO DE JANEIRO;AP 1201;RJ;0;0;MARCELLO DA SILVA MIGUEL; ; ;PATRICIA COSTA GIRARDELLO; ; ;44;SINDPD RJ;44;SINDPD RJ; ; ;55;SINDPD RJ; ; ;26/09/2025; ;187695;ANDERSON ALESSANDRO SILVA PEDRO;anderson.pedro@globalhitss.com.br;antonio.giramiguel@gmail.com;anderson.pedro@globalhitss.com.br
978496;JAYNE MENEZES ALVES;JAYNE MENEZES ALVES;JAYNE;ATIVO;14/07/2025;14/05/2007;10;BRASIL; ; ; ; ; ; ; ;18;0;18 Ano(s),05 Mes(es) e08 Dia(s);00 Ano(s),03 Mes(es) e07 Dia(s); ; ; ; ; ; ;476.929.328-32;535429794-/SP;SP;SSP;15/06/2021; ; ; ; ; ; ; ;26910335188; ; ; ; ; ;S;SOLTEIRO;F;FEMININO;6;SEGUNDO GRAU INCOMPLETO;M;APRENDIZ;F;T30;FOLHA ULTIMO DIA MÊS;261467;23634;APRENDIZ OP MICROCOMPUTADOR;317205;713.2;TS100;TABELA SALARIAL - 100;39 - APR / EST;APR / EST;90;90; ;100; ;3462;Mensalista;CE023;HITSS;HSP3870269;PROJETO JOVEM APRENDIZ;HITSS;CE023002;HITSS-CAMPINAS-BERNARDINO DE CAMPOS; ;CE023;HITSS DO BRASIL SERVICOS TECNOLOGICOS LTDA;HITSS;HITSS DO BRASIL SERVICOS TECNOLOGICOS LTDA;011.168.199/0002-69;85SPSP8H66;CAMPINAS;SP;G; ;HIT;HITSS DO BRASIL;SAPCLR_UNICO;SAP - CLAROUNICO; ; ;1040199;HITSS;1050414;HITSS;1161954;HITSS;N.S.A.;NAO INFORMADO;1182636;HITSS;1;NAO SE APLICA;1200011;GLOBAL HITSS;1210123;HITSS;1230192;HITSS;180;S;N; ;842;HAPR;188944;THAIANNY KETLY PEREIRA DA SILVA;HSP4170269;TOKIO MARINE SP;2;BRANCA;N; ;jayne.alves@globalhitss.com.br;JAYNE.ALVES; ; ;Conta Corrente;341;341-ITAU;72;23213-5;PIRATININGA;201;3042001;-;SAO PAULO;SP;10;11-979903116; ; ;BRAS;SAO PAULO;APTO 401 BLOCO 02;SP;0;0;JOSE JAILTON SOUSA ALVES; ; ;FRANCISCA SIMONE MENEZES TEIXEIRA ALVES; ; ;47;SINDPD SP;47;SINDPD SP; ; ;56;SINDPD-SP; ; ;26/09/2025; ;188944;THAIANNY KETLY PEREIRA DA SILVA;thaianny.silva@globalhitss.com.br;jaynemenezesalves@gmail.com;thaianny.silva@globalhitss.com.br
969293;HELOISA DE OLIVEIRA MESQUITA;HELOISA DE OLIVEIRA MESQUITA;HELOISA;FÉRIAS;07/10/2024;18/11/2006;10;BRASIL;13/10/2025;28/10/2025; ; ; ; ; ;18;1;18 Ano(s),11 Mes(es) e04 Dia(s);01 Ano(s),00 Mes(es) e15 Dia(s); ; ; ; ; ; ;576.790.198-86;64061231-3/SP;SP;SSP;08/12/2017; ; ; ;5767901;9886;sp;SP;27138182240; ; ; ; ; ;S;SOLTEIRO;F;FEMININO;8;SUPERIOR INCOMPLETO;M;APRENDIZ;F;H30;HITSS FOLHA ULTIMO DIA MÊS;264980;23634;APRENDIZ OP MICROCOMPUTADOR;317205;713.2;TS100;TABELA SALARIAL - 100;39 - APR / EST;APR / EST;90;90; ;100; ;2626;Mensalista;CE023;HITSS;HSP3870269;PROJETO JOVEM APRENDIZ;HITSS;CE023002;HITSS-CAMPINAS-BERNARDINO DE CAMPOS; ;CE023;HITSS DO BRASIL SERVICOS TECNOLOGICOS LTDA;HITSS;HITSS DO BRASIL SERVICOS TECNOLOGICOS LTDA;011.168.199/0002-69;85SPSP8H66;CAMPINAS;SP;G; ;HIT;HITSS DO BRASIL;SAPCLR_UNICO;SAP - CLAROUNICO; ; ;1040199;HITSS;1050414;HITSS;1161954;HITSS;N.S.A.;NAO INFORMADO;1182636;HITSS;1;NAO SE APLICA;1200011;GLOBAL HITSS;1210123;HITSS;1230192;HITSS;180;S;N; ;842;HAPR;188146;ALINE VILARONGA ALMEIDA;HSP3920269;RUMO ALL SP;2;BRANCA;N; ;heloisa.mesquita@globalhitss.com.br;HELOISA.MESQUITA; ; ;Conta Corrente;341;341-ITAU;6753;66142-7;RUA DO HOMEM CORDIAL;97;4822110;-;SAO PAULO;SP;10;11-957014977; ; ;GRAJAU;SAO PAULO;CASA;SP;0;0;WILSON DA PAIXAO MESQUITA; ; ;ANDREIA MACIEL DE OLIVEIRA MESQUITA; ; ;47;SINDPD SP;47;SINDPD SP; ; ;56;SINDPD-SP; ; ;26/09/2025; ;188146;ALINE VILARONGA ALMEIDA;aline.almeida@globalhitss.com.br;heloisadeoliveiramesquita@gmail.com;aline.almeida@globalhitss.com.br
978445;MARCUS VINICIUS FERREIRA SIQUEIRA;MARCUS VINICIUS FERREIRA SIQUEIRA;MARCUS;ATIVO;14/07/2025;13/08/2005;10;BRASIL; ; ; ; ; ; ; ;20;0;20 Ano(s),02 Mes(es) e09 Dia(s);00 Ano(s),03 Mes(es) e07 Dia(s); ; ; ; ; ; ;505.020.288-40;574254407-/SP;SP;SSP;22/12/2023; ; ; ;5050202;8840;sp;SP;26928725450;4,73465E+11;145;421;32.000.918.629; ;S;SOLTEIRO;M;MASCULINO;8;SUPERIOR INCOMPLETO;M;APRENDIZ;F;H30;HITSS FOLHA ULTIMO DIA MÊS;283724;23634;APRENDIZ OP MICROCOMPUTADOR;317205;713.2;TS100;TABELA SALARIAL - 100;39 - APR / EST;APR / EST;90;90; ;100; ;978445;Mensalista;CE023;HITSS;HSP3870269;PROJETO JOVEM APRENDIZ;HITSS;CE023002;HITSS-CAMPINAS-BERNARDINO DE CAMPOS; ;CE023;HITSS DO BRASIL SERVICOS TECNOLOGICOS LTDA;HITSS;HITSS DO BRASIL SERVICOS TECNOLOGICOS LTDA;011.168.199/0002-69;85SPSP8H66;CAMPINAS;SP;G; ;HIT;HITSS DO BRASIL;SAPCLR_UNICO;SAP - CLAROUNICO; ; ;1040199;HITSS;1050414;HITSS;1161954;HITSS;N.S.A.;NAO INFORMADO;1182636;HITSS;1;NAO SE APLICA;1200011;GLOBAL HITSS;1210123;HITSS;1230192;HITSS;180;S;N; ;842;HAPR; ;GESTOR NAO ENCONTRADO; ;DEPARTAMENTO NAO ENCONTRADO;2;BRANCA;N; ;marcus.siqueira@globalhitss.com.br;MARCUS.SIQUEIRA; ; ;Conta Corrente;341;341-ITAU;718;94426-7;RUA CAIO JULIO CESAR;226;3978050;-;SAO PAULO;SP;10;11-954390520; ; ;VILA CARDOSO FRANCO;SAO PAULO; ;SP;0;0;MARCIO REGINO DA COSTA SIQUEIRA; ; ;EDNA MARIA FERREIRA SIQUEIRA; ; ;47;SINDPD SP;47;SINDPD SP;47;SINDPD SP;56;SINDPD-SP; ; ;20/10/2025; ; ;GESTOR NAO ENCONTRADO; ;marcusvinicius.ferreira.siquer@gmail.com; 
965131;SOFIA FERREIRA PASQUIM ALVES;SOFIA FERREIRA PASQUIM ALVES;SOFIA;ATIVO;13/05/2024;17/11/2005;10;BRASIL;25/09/2025;10/10/2025; ; ; ; ; ;19;1;19 Ano(s),11 Mes(es) e05 Dia(s);01 Ano(s),05 Mes(es) e09 Dia(s); ; ; ; ; ; ;431.221.418-25;54542219-x/SP;SP;SSP;02/04/2016; ; ; ;4312214;1825; ;SP;27024709222;4,67005E+11;730;325; ; ;S;SOLTEIRO;F;FEMININO;7;SEGUNDO GRAU COMPLETO;M;APRENDIZ;F;H30;HITSS FOLHA ULTIMO DIA MÊS;261432;23634;APRENDIZ OP MICROCOMPUTADOR;317205;713.2;TS100;TABELA SALARIAL - 100;39 - APR / EST;APR / EST;90;90; ;100; ;2191;Mensalista;CE023;HITSS;HSP3870269;PROJETO JOVEM APRENDIZ;HITSS;CE023002;HITSS-CAMPINAS-BERNARDINO DE CAMPOS; ;CE023;HITSS DO BRASIL SERVICOS TECNOLOGICOS LTDA;HITSS;HITSS DO BRASIL SERVICOS TECNOLOGICOS LTDA;011.168.199/0002-69;85SPSP8H66;CAMPINAS;SP;G; ;HIT;HITSS DO BRASIL;SAPCLR_UNICO;SAP - CLAROUNICO; ; ;1040199;HITSS;1050414;HITSS;1161954;HITSS;N.S.A.;NAO INFORMADO;1182636;HITSS;1;NAO SE APLICA;1200011;GLOBAL HITSS;1210123;HITSS;1230192;HITSS;180;S;N; ;842;HAPR;180648;PAULO ROBERTO SILVA LEONARDO;HSP5300269;TI INTERNO;2;BRANCA;N; ;sofia.alves@globalhitss.com.br;SOFIA.ALVES; ; ;Conta Corrente;341;341-ITAU;6315;48805-3;RUA JANNART MOUTINHO;325;5135120;-;SAO PAULO;SP;10;11-989970777; ; ;JARDIM MANGALOT;SAO PAULO; ;SP;0;0;PEDRO PASQUIM ALVES; ; ;MARIA JULIENE FERREIRA MARINHO; ; ;47;SINDPD SP;47;SINDPD SP; ; ;56;SINDPD-SP; ; ;26/09/2025; ;180648;PAULO ROBERTO SILVA LEONARDO;paulo.leonardo@globalhitss.com.br;sofiaferreirapasquim@gmail.com;paulo.leonardo@globalhitss.com.br
978423;NATHALY SIZENANDE DOS SANTOS;NATHALY SIZENANDE DOS SANTOS;NATHALY;ATIVO;14/07/2025;13/12/2004;10;BRASIL; ; ; ; ; ; ; ;20;0;20 Ano(s),10 Mes(es) e09 Dia(s);00 Ano(s),03 Mes(es) e07 Dia(s); ; ; ; ; ; ;480.050.828-27;58320465X-/SP;SP;SSP;02/10/2023; ; ; ;4800508;2827;sp;SP;23774348568;4,81841E+11;835;328; ; ;S;SOLTEIRO;F;FEMININO;7;SEGUNDO GRAU COMPLETO;M;APRENDIZ;F;H30;HITSS FOLHA ULTIMO DIA MÊS;230220;23634;APRENDIZ OP MICROCOMPUTADOR;317205;713.2;TS100;TABELA SALARIAL - 100;39 - APR / EST;APR / EST;90;90; ;100; ;3451;Mensalista;CE023;HITSS;HSP3870269;PROJETO JOVEM APRENDIZ;HITSS;CE023002;HITSS-CAMPINAS-BERNARDINO DE CAMPOS; ;CE023;HITSS DO BRASIL SERVICOS TECNOLOGICOS LTDA;HITSS;HITSS DO BRASIL SERVICOS TECNOLOGICOS LTDA;011.168.199/0002-69;85SPSP8H66;CAMPINAS;SP;G; ;HIT;HITSS DO BRASIL;SAPCLR_UNICO;SAP - CLAROUNICO; ; ;1040199;HITSS;1050414;HITSS;1161954;HITSS;N.S.A.;NAO INFORMADO;1182636;HITSS;1;NAO SE APLICA;1200011;GLOBAL HITSS;1210123;HITSS;1230192;HITSS;180;S;N; ;842;HAPR;188944;THAIANNY KETLY PEREIRA DA SILVA;HSP4170269;TOKIO MARINE SP;2;BRANCA;N; ;nathaly.santos@globalhitss.com.br;NATHALY.SANTOS; ; ;Conta Corrente;341;341-ITAU;7867;43093-1;RUA PEDRO LEOLINO MARIZ;224;5776480;-;SAO PAULO;SP;10;11-964266226; ; ;VILA FRANCA;SAO PAULO;CASA 1;SP;0;0;FABIO DOS SANTOS; ; ;TATIANE SIZENANDE DE AGUIAR; ; ;47;SINDPD SP;47;SINDPD SP;47;SINDPD SP;56;SINDPD-SP; ; ;26/09/2025; ;188944;THAIANNY KETLY PEREIRA DA SILVA;thaianny.silva@globalhitss.com.br;nathysizenande@gmail.com;thaianny.silva@globalhitss.com.br
965041;LETICIA BASTOS DE MATOS;LETICIA BASTOS DE MATOS;LETICIA;ATIVO;13/05/2024;18/10/2006;10;BRASIL; ; ; ; ; ; ; ;19;1;19 Ano(s),00 Mes(es) e04 Dia(s);01 Ano(s),05 Mes(es) e09 Dia(s); ; ; ; ; ; ;499.064.788-29;605658122-/SP;SP;SSP;11/11/2015; ; ; ;4990647;8829; ;SP;27122576065; ; ; ; ; ;S;SOLTEIRO;F;FEMININO;6;SEGUNDO GRAU INCOMPLETO;M;APRENDIZ;F;H30;HITSS FOLHA ULTIMO DIA MÊS;261437;23634;APRENDIZ OP MICROCOMPUTADOR;317205;713.2;TS100;TABELA SALARIAL - 100;39 - APR / EST;APR / EST;90;90; ;100; ;2193;Mensalista;CE023;HITSS;HSP3870269;PROJETO JOVEM APRENDIZ;HITSS;CE023002;HITSS-CAMPINAS-BERNARDINO DE CAMPOS; ;CE023;HITSS DO BRASIL SERVICOS TECNOLOGICOS LTDA;HITSS;HITSS DO BRASIL SERVICOS TECNOLOGICOS LTDA;011.168.199/0002-69;85SPSP8H66;CAMPINAS;SP;G; ;HIT;HITSS DO BRASIL;SAPCLR_UNICO;SAP - CLAROUNICO; ; ;1040199;HITSS;1050414;HITSS;1161954;HITSS;N.S.A.;NAO INFORMADO;1182636;HITSS;1;NAO SE APLICA;1200011;GLOBAL HITSS;1210123;HITSS;1230192;HITSS;180;S;N; ;842;HAPR;186929;RUDY MARLON MAZETTI PIRES;HSP2880269;CLARO;8;PARDA;N; ;leticia.matos@globalhitss.com.br;LETICIA.MATOS; ; ;Conta Corrente;341;341-ITAU;466;65665-9;RUA ROQUE DE MORAIS;340;2721030;-;SAO PAULO;SP;10;11-945255707; ; ;LIMAO;SAO PAULO;LADO PAR;SP;0;0;ANDRE LUIS PEREIRA DE MATOS; ; ;BARBARA CANDIDO BASTOS; ; ;47;SINDPD SP;47;SINDPD SP; ; ;56;SINDPD-SP; ; ;26/09/2025; ;186929;RUDY MARLON MAZETTI PIRES;rudy.pires@globalhitss.com.br;leticiabmatoss@gmail.com;rudy.pires@globalhitss.com.br
965170;NICOLE PICCOLO ZEMELLA;NICOLE PICCOLO ZEMELLA;NICOLE;ATIVO;13/05/2024;03/03/2008;10;BRASIL; ; ; ; ; ; ; ;17;1;17 Ano(s),07 Mes(es) e19 Dia(s);01 Ano(s),05 Mes(es) e09 Dia(s); ; ; ; ; ; ;459.015.658-00;5864643-35/SP;SP;SSP;26/01/2023; ; ; ;4590156;5800; ; ;26916208064; ; ; ; ; ;S;SOLTEIRO;F;FEMININO;6;SEGUNDO GRAU INCOMPLETO;M;APRENDIZ;F;H30;HITSS FOLHA ULTIMO DIA MÊS;261466;23634;APRENDIZ OP MICROCOMPUTADOR;317205;713.2;TS100;TABELA SALARIAL - 100;39 - APR / EST;APR / EST;90;90; ;100; ;2213;Mensalista;CE023;HITSS;HSP3870269;PROJETO JOVEM APRENDIZ;HITSS;CE023002;HITSS-CAMPINAS-BERNARDINO DE CAMPOS; ;CE023;HITSS DO BRASIL SERVICOS TECNOLOGICOS LTDA;HITSS;HITSS DO BRASIL SERVICOS TECNOLOGICOS LTDA;011.168.199/0002-69;85SPSP8H66;CAMPINAS;SP;G; ;HIT;HITSS DO BRASIL;SAPCLR_UNICO;SAP - CLAROUNICO; ; ;1040199;HITSS;1050414;HITSS;1161954;HITSS;N.S.A.;NAO INFORMADO;1182636;HITSS;1;NAO SE APLICA;1200011;GLOBAL HITSS;1210123;HITSS;1230192;HITSS;180;S;N; ;842;HAPR;967215;RICARDO DOS SANTOS NOIA;HSP2900269;PRIMESYS;2;BRANCA;N; ;nicole.zemella@globalhitss.com.br;NICOLE.ZEMELLA; ; ;Conta Corrente;341;341-ITAU;6502;0028399-4;RUA SILVERIO DE CARVALHO;164;2752000;-;SAO PAULO;SP;10; ; ; ;VILA CARBONE;SAO PAULO; ;SP;0;0;MARCELO ZEMELLA;10;BRASIL;MARCIA MAISA PICCOLO ZEMELLA;10;BRASIL;47;SINDPD SP;47;SINDPD SP; ; ;56;SINDPD-SP; ; ;26/09/2025; ;967215;RICARDO DOS SANTOS NOIA;ricardo.noia@globalhitss.com.br;nicolepiccoloz@gmail.com;ricardo.noia@globalhitss.com.br
978805;GABRIELE NASCIMENTO GUIMARAES;GABRIELE NASCIMENTO GUIMARAES;GABRIELE;ATIVO;04/08/2025;14/03/2002;10;BRASIL; ; ; ; ; ; ; ;23;0;23 Ano(s),07 Mes(es) e08 Dia(s);00 Ano(s),02 Mes(es) e17 Dia(s); ; ; ; ; ; ;475.179.958-47;397279085-/SP;SP;SSP;04/02/2022; ; ; ;52680;427; ;SP;20700122782;4,45085E+11;204;382; ; ;S;SOLTEIRO;F;FEMININO;7;SEGUNDO GRAU COMPLETO;E;ESTAGIARIO;E;H30;HITSS FOLHA ULTIMO DIA MÊS;283631;22822;ESTAGIARIO;411005;1800;TS100;TABELA SALARIAL - 100;39 - APR / EST;APR / EST;90;90; ;150; ;978805;Mensalista;CE023;HITSS;HRJ0400188;GERENCIA DE PLANEJAMENTO CONTROLE E QUALIDADE;HITSS;CE023001;HITSS-RIO DE JANEIRO-PRESIDENTE VARGAS; ;CE023;HITSS DO BRASIL SERVICOS TECNOLOGICOS LTDA;HITSS;HITSS DO BRASIL SERVICOS TECNOLOGICOS LTDA;011.168.199/0001-88;85MZBR8H61;RIO DE JANEIRO;RJ;A; ;HIT;HITSS DO BRASIL;SAPCLR_UNICO;SAP - CLAROUNICO; ; ;1040199;HITSS;1050414;HITSS;1161954;HITSS;N.S.A.;NAO INFORMADO;1182636;HITSS;1;NAO SE APLICA;1200011;GLOBAL HITSS;1210123;HITSS;1230192;HITSS;180;S;N; ;845;HEST; ;GESTOR NAO ENCONTRADO; ;DEPARTAMENTO NAO ENCONTRADO;4;PRETA;N; ;gabriele.guimaraes@globalhitss.com.br;GABRIELE.GUIMARAES; ; ;Conta Corrente;341;341-ITAU;691;83273-7;RUA MINAS GERAIS;361;9450000;-;RIBEIRAO PIRES;SP;10;11-994982393; ; ;VILA SAO JOAO;RIO GRANDE DA SERRA;CASA 3;SP;0;0;VALTER FRANCISCO GUIMARAES;10;BRASIL;MARIA DE LOURDES SANTOS DO NASCIMENTO;10;BRASIL;47;SINDPD SP;47;SINDPD SP; ; ;56;SINDPD-SP;04/08/2025;04/02/2026;20/10/2025; ; ;GESTOR NAO ENCONTRADO; ;gabrielenascimento53@gmail.com; 
964740;JOHANN ANDRADE DAFLON;JOHANN ANDRADE DAFLON;JOHANN;ATIVO;06/05/2024;01/04/1993;10;BRASIL; ; ; ; ; ; ; ;32;1;32 Ano(s),06 Mes(es) e21 Dia(s);01 Ano(s),05 Mes(es) e16 Dia(s); ; ; ; ; ; ;107.398.857-07;21141238-2/RJ;RJ;DETRAN;28/05/2011; ; ; ;43925;170;RJ;RJ;20715846536;1,45012E+11;227;71;4278;T;S;SOLTEIRO;M;MASCULINO;8;SUPERIOR INCOMPLETO;E;ESTAGIARIO;E;H30;HITSS FOLHA ULTIMO DIA MÊS;261229;22822;ESTAGIARIO;411005;1800;TS100;TABELA SALARIAL - 100;42 - AO3;AO3;90;90; ;180; ; ;Mensalista;CE023;HITSS;HRJ0640188;DIRETORIA DE OPERAÇÕES;HITSS;CE023001;HITSS-RIO DE JANEIRO-PRESIDENTE VARGAS; ;CE023;HITSS DO BRASIL SERVICOS TECNOLOGICOS LTDA;HITSS;HITSS DO BRASIL SERVICOS TECNOLOGICOS LTDA;011.168.199/0001-88;85MZBR8Q48;RIO DE JANEIRO;RJ;G; ;HIT;HITSS DO BRASIL;SAPCLR_UNICO;SAP - CLAROUNICO; ; ;1040199;HITSS;1050414;HITSS;1161954;HITSS;N.S.A.;NAO INFORMADO;1182636;HITSS;1;NAO SE APLICA;1200011;GLOBAL HITSS;1210123;HITSS;1230192;HITSS;180;S;N; ;845;HEST;171581;ALEXANDRE MOREIRA VILLASBOAS;HSP2880269;CLARO;2;BRANCA;N; ;johann.daflon@globalhitss.com.br;JOHANN.DAFLON; ; ;Conta Corrente;341;341-ITAU;4566;34565-0;RUA PASSO DA PATRIA;133;24210240;-;NITEROI;RJ;10;21-988507116; ; ;SAO DOMINGOS;NITEROI;AP 301;RJ;0;0;ALEXANDRE DAFLON DOS SANTOS; ; ;CARLA SIMONE LEITE DE ANDRADE; ; ;44;SINDPD RJ;44;SINDPD RJ; ; ;55;SINDPD RJ; ; ;26/09/2025; ;171581;ALEXANDRE MOREIRA VILLASBOAS;alexandre.villasboas@globalhitss.com.br;daflon.johann@gmail.com;alexandre.villasboas@globalhitss.com.br
965051;GABRIELLY DOS SANTOS MARTINS;GABRIELLY dos santos MARTINS;GABRIELLY;ATIVO;13/05/2024;30/09/2007;10;BRASIL; ; ; ; ; ; ; ;18;1;18 Ano(s),00 Mes(es) e23 Dia(s);01 Ano(s),05 Mes(es) e09 Dia(s); ; ; ; ; ; ;508.400.918-18;59437144-2/SP;SP;SSP;18/12/2014; ; ; ;5084009;1818;sp;SP;27034467353; ; ; ; ; ;S;SOLTEIRO;F;FEMININO;6;SEGUNDO GRAU INCOMPLETO;M;APRENDIZ;F;H30;HITSS FOLHA ULTIMO DIA MÊS;261388;23634;APRENDIZ OP MICROCOMPUTADOR;317205;713.2;TS100;TABELA SALARIAL - 100;39 - APR / EST;APR / EST;90;90; ;100; ;2169;Mensalista;CE023;HITSS;HSP3870269;PROJETO JOVEM APRENDIZ;HITSS;CE023002;HITSS-CAMPINAS-BERNARDINO DE CAMPOS; ;CE023;HITSS DO BRASIL SERVICOS TECNOLOGICOS LTDA;HITSS;HITSS DO BRASIL SERVICOS TECNOLOGICOS LTDA;011.168.199/0002-69;85SPSP8H66;CAMPINAS;SP;G; ;HIT;HITSS DO BRASIL;SAPCLR_UNICO;SAP - CLAROUNICO; ; ;1040199;HITSS;1050414;HITSS;1161954;HITSS;N.S.A.;NAO INFORMADO;1182636;HITSS;1;NAO SE APLICA;1200011;GLOBAL HITSS;1210123;HITSS;1230192;HITSS;180;S;N; ;842;HAPR;188617;ALISON RODRIGO CANCIO;HSP2880269;CLARO;2;BRANCA;N; ;gabrielly.martins@globalhitss.com.br;GABRIELLY.MARTINS; ; ;Conta Corrente;341;341-ITAU;7160;69662-6;RUA PEDRO RODRIGUES DA SILVA;382;13056012;-;CAMPINAS;SP;10;19-99111-8055; ; ;JARDIM PLANALTO DE VIRACO;CAMPINAS; ;SP;0;0;LUIZ FERNANDO MARTINS RUBI; ; ;FERNANDA GUILHERME DOS SANTOS; ; ;47;SINDPD SP;47;SINDPD SP; ; ;56;SINDPD-SP; ; ;26/09/2025; ;969402;ANDERSON KLEBER DE PAULA;anderson.paula@globalhitss.com.br;gabriellydsmartins@gmail.com;alison.cancio@globalhitss.com.br
965045;ANDRE VICTOR PEREIRA DE ALMEIDA;ANDRE VICTOR PEREIRA DE ALMEIDA;ANDRE;ATIVO;13/05/2024;30/01/2007;10;BRASIL; ; ; ; ; ; ; ;18;1;18 Ano(s),08 Mes(es) e23 Dia(s);01 Ano(s),05 Mes(es) e09 Dia(s); ; ; ; ; ; ;495.609.828-69;5975046-0/SP;SP;SSP;26/07/2022; ; ; ;4956098;2869;sp;SP;27068835762; ; ; ; ; ;S;SOLTEIRO;M;MASCULINO;6;SEGUNDO GRAU INCOMPLETO;M;APRENDIZ;F;H30;HITSS FOLHA ULTIMO DIA MÊS;261420;23634;APRENDIZ OP MICROCOMPUTADOR;317205;713.2;TS100;TABELA SALARIAL - 100;39 - APR / EST;APR / EST;90;90; ;100; ;2181;Mensalista;CE023;HITSS;HSP3870269;PROJETO JOVEM APRENDIZ;HITSS;CE023002;HITSS-CAMPINAS-BERNARDINO DE CAMPOS; ;CE023;HITSS DO BRASIL SERVICOS TECNOLOGICOS LTDA;HITSS;HITSS DO BRASIL SERVICOS TECNOLOGICOS LTDA;011.168.199/0002-69;85SPSP8H66;CAMPINAS;SP;G; ;HIT;HITSS DO BRASIL;SAPCLR_UNICO;SAP - CLAROUNICO; ; ;1040199;HITSS;1050414;HITSS;1161954;HITSS;N.S.A.;NAO INFORMADO;1182636;HITSS;1;NAO SE APLICA;1200011;GLOBAL HITSS;1210123;HITSS;1230192;HITSS;180;S;N; ;842;HAPR;188527;ANA CAROLINE MENEZES LOURENCO;HSP3090269;ITO INFRA;8;PARDA;N; ;andre.victoralmeida@globalhitss.com.br;ANDRE.VICTORALMEIDA; ; ;Conta Corrente;341;341-ITAU;7139;21067-3;RUA DAS PALMEIRAS;680;9080160;-;SANTO ANDRE;SP;10;11-970862515; ; ;JARDIM;SANTO ANDRE; ;SP;0;0;WILLIAM MEDEIROS DE ALMEIDA;10;BRASIL;LUCIENE PEREIRA GOMIDE;10;BRASIL;47;SINDPD SP;47;SINDPD SP; ; ;56;SINDPD-SP; ; ;26/09/2025; ;188527;ANA CAROLINE MENEZES LOURENCO;ana.lourenco@globalhitss.com.br;andrevicpe@gmail.com;ana.lourenco@globalhitss.com.br
965116;CAUA DE FRANCA FERREIRA;CAUA DE FRANCA FERREIRA;CAUA;ATIVO;13/05/2024;09/02/2007;10;BRASIL; ; ; ; ; ; ; ;18;1;18 Ano(s),08 Mes(es) e13 Dia(s);01 Ano(s),05 Mes(es) e09 Dia(s); ; ; ; ; ; ;499.904.048-44;57562878-9/SP;SP;SSP;15/02/2024; ; ; ;4999040;4844; ;SP;16503765526; ; ; ; ; ;S;SOLTEIRO;M;MASCULINO;6;SEGUNDO GRAU INCOMPLETO;M;APRENDIZ;F;H30;HITSS FOLHA ULTIMO DIA MÊS;261428;23634;APRENDIZ OP MICROCOMPUTADOR;317205;713.2;TS100;TABELA SALARIAL - 100;39 - APR / EST;APR / EST;90;90; ;100; ;2185;Mensalista;CE023;HITSS;HSP3870269;PROJETO JOVEM APRENDIZ;HITSS;CE023002;HITSS-CAMPINAS-BERNARDINO DE CAMPOS; ;CE023;HITSS DO BRASIL SERVICOS TECNOLOGICOS LTDA;HITSS;HITSS DO BRASIL SERVICOS TECNOLOGICOS LTDA;011.168.199/0002-69;85SPSP8H66;CAMPINAS;SP;G; ;HIT;HITSS DO BRASIL;SAPCLR_UNICO;SAP - CLAROUNICO; ; ;1040199;HITSS;1050414;HITSS;1161954;HITSS;N.S.A.;NAO INFORMADO;1182636;HITSS;1;NAO SE APLICA;1200011;GLOBAL HITSS;1210123;HITSS;1230192;HITSS;180;S;N; ;842;HAPR;935853;CLEITON ALVES DA SILVA;HSP2470269;VIA EMBRATEL / IBM;2;BRANCA;N; ;caua.ferreira@globalhitss.com.br;CAUA.FERREIRA; ; ;Conta Corrente;341;341-ITAU;8263;55650-1;AVENIDA OLGA BENARIO VILA DA JUSTICA;25;6145122;-;OSASCO;SP;10;11-993856967; ; ;CONCEICAO;OSASCO; ;SP;0;0;RAFAEL FERREIRA DE SOUZA;10;BRASIL;CAMILA DE FRANCA SILVA;10;BRASIL;47;SINDPD SP;47;SINDPD SP; ; ;56;SINDPD-SP; ; ;26/09/2025; ;935853;CLEITON ALVES DA SILVA;cleiton.silva@globalhitss.com.br;cauaferreira199026@gmail.com;cleiton.silva@globalhitss.com.br
962254;ANY BEATRIZ PANTOJA DE SALES;ANY BEATRIZ PANTOJA DE SALES;ANY;ATIVO;05/02/2024;22/06/2005;10;BRASIL; ; ; ; ; ; ; ;20;1;20 Ano(s),04 Mes(es) e00 Dia(s);01 Ano(s),08 Mes(es) e17 Dia(s); ; ; ; ; ; ;181.644.737-40;26268902-9/RJ;RJ;DETRAN;11/08/2014; ; ; ;1816447;3740;RJ;RJ;21229522737;1,85472E+11;235;87; ; ;S;SOLTEIRO;F;FEMININO;7;SEGUNDO GRAU COMPLETO;M;APRENDIZ;F;H30;HITSS FOLHA ULTIMO DIA MÊS;258655;23634;APRENDIZ OP MICROCOMPUTADOR;317205;713.2;TS95;TABELA SALARIAL - 95;39 - APR / EST;APR / EST;90;90; ;100; ;476;Mensalista;CE023;HITSS;HRJ1660188;PROJETO JOVEM APRENDIZ;HITSS;CE023001;HITSS-RIO DE JANEIRO-PRESIDENTE VARGAS; ;CE023;HITSS DO BRASIL SERVICOS TECNOLOGICOS LTDA;HITSS;HITSS DO BRASIL SERVICOS TECNOLOGICOS LTDA;011.168.199/0001-88;85MZBR8H78;RIO DE JANEIRO;RJ;G; ;HIT;HITSS DO BRASIL;SAPCLR_UNICO;SAP - CLAROUNICO; ; ;1040199;HITSS;1050414;HITSS;1161954;HITSS;N.S.A.;NAO INFORMADO;1182636;HITSS;1;NAO SE APLICA;1200011;GLOBAL HITSS;1210123;HITSS;1230192;HITSS;180;S;N; ;842;HAPR;184210;ROSELI DE SOUZA VELOSO MARQUES;HSP2880269;CLARO;8;PARDA;N; ;any.sales@globalhitss.com.br;ANY.SALES; ; ;Conta Corrente;341;341-ITAU;6030;70509-6;AVENIDA LUCIO TOME FETEIRA;496;24415000;-;ITABORAI;RJ;10;21-988129238; ; ;VILA LAGE;SAO GONCALO;7B 408;RJ;0;0;REGENILTON BERNADO DE SALES; ; ;BARBARA PANTOJA DO NASCIMENTO; ; ;44;SINDPD RJ;44;SINDPD RJ; ; ;55;SINDPD RJ;05/02/2024;05/01/2026;26/09/2025; ;184210;ROSELI DE SOUZA VELOSO MARQUES;roseli.marques@globalhitss.com.br;anypantoja34@gmail.com;roseli.marques@globalhitss.com.br
965047;PEDRO HENRIQUE GUALBERTO;PEDRO HENRIQUE GUALBERTO;PEDRO;ATIVO;13/05/2024;14/08/2007;10;BRASIL; ; ; ; ; ; ; ;18;1;18 Ano(s),02 Mes(es) e08 Dia(s);01 Ano(s),05 Mes(es) e09 Dia(s); ; ; ; ; ; ;150.932.107-14;64021856-8/SP;SP;SSP;22/02/2019; ; ; ;1509321;714;sp;SP;23745660419; ; ; ; ; ;S;SOLTEIRO;M;MASCULINO;6;SEGUNDO GRAU INCOMPLETO;M;APRENDIZ;F;H30;HITSS FOLHA ULTIMO DIA MÊS;261387;23634;APRENDIZ OP MICROCOMPUTADOR;317205;713.2;TS100;TABELA SALARIAL - 100;39 - APR / EST;APR / EST;90;90; ;100; ;2168;Mensalista;CE023;HITSS;HSP3870269;PROJETO JOVEM APRENDIZ;HITSS;CE023002;HITSS-CAMPINAS-BERNARDINO DE CAMPOS; ;CE023;HITSS DO BRASIL SERVICOS TECNOLOGICOS LTDA;HITSS;HITSS DO BRASIL SERVICOS TECNOLOGICOS LTDA;011.168.199/0002-69;85SPSP8H66;CAMPINAS;SP;G; ;HIT;HITSS DO BRASIL;SAPCLR_UNICO;SAP - CLAROUNICO; ; ;1040199;HITSS;1050414;HITSS;1161954;HITSS;N.S.A.;NAO INFORMADO;1182636;HITSS;1;NAO SE APLICA;1200011;GLOBAL HITSS;1210123;HITSS;1230192;HITSS;180;S;N; ;842;HAPR;185833;EMERSON MORIHARU YAGUI;HSP2880269;CLARO;2;BRANCA;N; ;pedro.gualberto@globalhitss.com.br;PEDRO.GUALBERTO; ; ;Conta Corrente;341;341-ITAU;9357;44406-7;AVENIDA AGUA FUNDA;300;4316020;-;GUARULHOS;SP;10;11-91040-3184; ; ;VILA GUARANI Z SUL;SAO PAULO;CASA 03;SP;0;0;NAO DECLARADO; ; ;NATALLIA GUALBERTO; ; ;47;SINDPD SP;47;SINDPD SP; ; ;56;SINDPD-SP; ; ;26/09/2025; ;185833;EMERSON MORIHARU YAGUI;emerson.yagui@globalhitss.com.br;ph.gualberto92@gmail.com;emerson.yagui@globalhitss.com.br
969244;CARLIENE GOMES NUNES;CARLIENE GOMES NUNES;CARLIENE;ATIVO;07/10/2024;09/03/2005;10;BRASIL; ; ; ; ; ; ; ;20;1;20 Ano(s),07 Mes(es) e13 Dia(s);01 Ano(s),00 Mes(es) e15 Dia(s); ; ; ; ; ; ;087.852.981-07;7490275-/GO;GO;SSP;05/06/2019; ; ; ;878529;8107; ;DF;16338979103;74231721031;588;19; ; ;S;SOLTEIRO;F;FEMININO;7;SEGUNDO GRAU COMPLETO;M;APRENDIZ;F;H30;HITSS FOLHA ULTIMO DIA MÊS;264934;23634;APRENDIZ OP MICROCOMPUTADOR;317205;713.2;TS95;TABELA SALARIAL - 95;39 - APR / EST;APR / EST;90;90; ;100; ;1175;Mensalista;CE023;HITSS;HDF4970340;PROJETO JOVEM APRENDIZ;HITSS;CE023003;HITSS-BRASILIA-ST SCS QUADRA 05; ;CE023;HITSS DO BRASIL SERVICOS TECNOLOGICOS LTDA;HITSS;HITSS DO BRASIL SERVICOS TECNOLOGICOS LTDA;011.168.199/0003-40;85RJRE8H66;BRASILIA;DF;G; ;HIT;HITSS DO BRASIL;SAPCLR_UNICO;SAP - CLAROUNICO; ; ;1040199;HITSS;1050414;HITSS;1161954;HITSS;N.S.A.;NAO INFORMADO;1182636;HITSS;1;NAO SE APLICA;1200011;GLOBAL HITSS;1210123;HITSS;1230192;HITSS;180;S;N; ;842;HAPR;963227;VICENTE AURELIO VIEIRA DE SOUSA;HDF4CO8H73;EBSERH;8;PARDA;N; ;carliene.nunes@globalhitss.com.br;CARLIENE.NUNES; ; ;Conta Corrente;341;341-ITAU;4448;95776-3;RUA 23;14;72851320;-;BRASILIA;DF;10;61-994513718; ; ;PARQUE NOVA IGUACU;LUZIANIA; ;GO;0;0;CARLINDO NUNES DE ARAUJO;10;BRASIL;LUCILEIDE DA MATA GOMES NUNES;10;BRASIL;46;SINDPD DF;46;SINDPD DF; ; ;57;SINDPD DF; ; ;26/09/2025; ;963227;VICENTE AURELIO VIEIRA DE SOUSA;vicente.sousa@globalhitss.com.br;gn.carliene@gmail.com;vicente.sousa@globalhitss.com.br
969227;CRISTIAN ALEIXO DUARTE;CRISTIAN ALEIXO DUARTE;CRISTIAN;ATIVO;07/10/2024;22/09/2005;10;BRASIL; ; ; ; ; ; ; ;20;1;20 Ano(s),01 Mes(es) e00 Dia(s);01 Ano(s),00 Mes(es) e15 Dia(s); ; ; ; ; ; ;547.668.478-65;505674245-/SP;SP;SSP;22/03/2022; ; ; ;5476684;8756; ;SP;16501067821;4,85114E+11;437;401;3,20009E+11; ;S;SOLTEIRO;M;MASCULINO;7;SEGUNDO GRAU COMPLETO;M;APRENDIZ;F;H30;HITSS FOLHA ULTIMO DIA MÊS;264936;23634;APRENDIZ OP MICROCOMPUTADOR;317205;713.2;TS100;TABELA SALARIAL - 100;39 - APR / EST;APR / EST;90;90; ;100; ;2611;Mensalista;CE023;HITSS;HSP3870269;PROJETO JOVEM APRENDIZ;HITSS;CE023002;HITSS-CAMPINAS-BERNARDINO DE CAMPOS; ;CE023;HITSS DO BRASIL SERVICOS TECNOLOGICOS LTDA;HITSS;HITSS DO BRASIL SERVICOS TECNOLOGICOS LTDA;011.168.199/0002-69;85SPSP8H66;CAMPINAS;SP;G; ;HIT;HITSS DO BRASIL;SAPCLR_UNICO;SAP - CLAROUNICO; ; ;1040199;HITSS;1050414;HITSS;1161954;HITSS;N.S.A.;NAO INFORMADO;1182636;HITSS;1;NAO SE APLICA;1200011;GLOBAL HITSS;1210123;HITSS;1230192;HITSS;180;S;N; ;842;HAPR;188944;THAIANNY KETLY PEREIRA DA SILVA;HSP4170269;TOKIO MARINE SP;2;BRANCA;N; ;cristian.duarte@globalhitss.com.br;CRISTIAN.DUARTE; ; ;Conta Corrente;341;341-ITAU;2663;01616-6;RUA DEPUTADO CUNHA BUENO;104;8528020;-;FERRAZ DE VASCONCELOS;SP;10;11-945970626; ; ;JARDIM DAYSE;FERRAZ DE VASCONCELOS; ;SP;0;0;EDUARDO ALEIXO DUARTE;10;BRASIL;RIZOLENE FERREIRA DUARTE;10;BRASIL;47;SINDPD SP;47;SINDPD SP; ; ;56;SINDPD-SP; ; ;26/09/2025; ;188944;THAIANNY KETLY PEREIRA DA SILVA;thaianny.silva@globalhitss.com.br;cristianaleixo.duartepr@gmail.com;thaianny.silva@globalhitss.com.br
978428;PEDRO HENRIQUE SOARES GOMES DE SA MATTOS LIMA;PEDRO HENRIQUE SOARES GOMES DE SA MATTOS LIMA;PEDRO;ATIVO;14/07/2025;07/07/2005;10;BRASIL; ; ; ; ; ; ; ;20;0;20 Ano(s),03 Mes(es) e15 Dia(s);00 Ano(s),03 Mes(es) e07 Dia(s); ; ; ; ; ; ;201.262.457-03;261322911-/RJ;RJ;DETRA;24/07/2023; ; ; ;2012624;5703;rj;RJ;27078729531;1,82801E+11;512;23;32000860510; ;S;SOLTEIRO;M;MASCULINO;7;SEGUNDO GRAU COMPLETO;M;APRENDIZ;F;H30;HITSS FOLHA ULTIMO DIA MÊS;283725;23634;APRENDIZ OP MICROCOMPUTADOR;317205;713.2;TS95;TABELA SALARIAL - 95;39 - APR / EST;APR / EST;90;90; ;100; ;978428;Mensalista;CE023;HITSS;HRJ1660188;PROJETO JOVEM APRENDIZ;HITSS;CE023001;HITSS-RIO DE JANEIRO-PRESIDENTE VARGAS; ;CE023;HITSS DO BRASIL SERVICOS TECNOLOGICOS LTDA;HITSS;HITSS DO BRASIL SERVICOS TECNOLOGICOS LTDA;011.168.199/0001-88;85MZBR8H78;RIO DE JANEIRO;RJ;G; ;HIT;HITSS DO BRASIL;SAPCLR_UNICO;SAP - CLAROUNICO; ; ;1040199;HITSS;1050414;HITSS;1161954;HITSS;N.S.A.;NAO INFORMADO;1182636;HITSS;1;NAO SE APLICA;1200011;GLOBAL HITSS;1210123;HITSS;1230192;HITSS;180;S;N; ;842;HAPR; ;GESTOR NAO ENCONTRADO; ;DEPARTAMENTO NAO ENCONTRADO;2;BRANCA;N; ;pedro.lima@globalhitss.com.br;PEDRO.LIMA; ; ;Conta Corrente;341;341-ITAU;4550;40088-3;RUA SALOMAO FILHO;577;21331660;-;RIO DE JANEIRO;RJ;10;21-990535883; ; ;MARECHAL HERMES;RIO DE JANEIRO;BL 3 AP 307;RJ;0;0;GODOMAR MATTOS LIMA JUNIOR; ; ;JACQUELINE SOARES GOMES DE SA; ; ;44;SINDPD RJ;44;SINDPD RJ;44;SINDPD RJ;55;SINDPD RJ; ; ;20/10/2025; ; ;GESTOR NAO ENCONTRADO; ;pedrohenriquesoares947@gmail.com; 
962268;STEPHANY VIEIRA PINHEIRO;STEPHANY VIEIRA PINHEIRO;STEPHANY;ATIVO;05/02/2024;01/12/2006;10;BRASIL; ; ; ; ; ; ; ;18;1;18 Ano(s),10 Mes(es) e21 Dia(s);01 Ano(s),08 Mes(es) e17 Dia(s); ; ; ; ; ; ;171.046.927-70;33313716-4/RJ;RJ;DETRAN;30/08/2017; ; ; ;1710469;2770;RJ;RJ;14092527515; ; ; ; ; ;S;SOLTEIRO;F;FEMININO;6;SEGUNDO GRAU INCOMPLETO;M;APRENDIZ;F;H30;HITSS FOLHA ULTIMO DIA MÊS;258657;23634;APRENDIZ OP MICROCOMPUTADOR;317205;713.2;TS95;TABELA SALARIAL - 95;39 - APR / EST;APR / EST;90;90; ;100; ;478;Mensalista;CE023;HITSS;HRJ1660188;PROJETO JOVEM APRENDIZ;HITSS;CE023001;HITSS-RIO DE JANEIRO-PRESIDENTE VARGAS; ;CE023;HITSS DO BRASIL SERVICOS TECNOLOGICOS LTDA;HITSS;HITSS DO BRASIL SERVICOS TECNOLOGICOS LTDA;011.168.199/0001-88;85MZBR8H78;RIO DE JANEIRO;RJ;G; ;HIT;HITSS DO BRASIL;SAPCLR_UNICO;SAP - CLAROUNICO; ; ;1040199;HITSS;1050414;HITSS;1161954;HITSS;N.S.A.;NAO INFORMADO;1182636;HITSS;1;NAO SE APLICA;1200011;GLOBAL HITSS;1210123;HITSS;1230192;HITSS;180;S;N; ;842;HAPR;960007;VICTOR MURILO VASCONCELOS GONCALVES;HDF5490340;CAIXA ECONOMICA FEDERAL - CEF 012;4;PRETA;N; ;stephany.pinheiro@globalhitss.com.br;STEPHANY.PINHEIRO; ; ;Conta Corrente;341;341-ITAU;6395;61862-9;ESTRADA DA CONCEICAO;136;26190085;-;RIO DE JANEIRO;RJ;10;21-999707262;21-99707262; ;SAO JOSE;RIO DE JANEIRO; ;RJ;0;0;PAULO ROBERTO DE ASSIS PINHEIRO; ; ;KATIA PESSOA VIEIRA PINHEIRO; ; ;44;SINDPD RJ;44;SINDPD RJ; ; ;55;SINDPD RJ;05/02/2024;05/01/2026;26/09/2025; ;960007;VICTOR MURILO VASCONCELOS GONCALVES;victor.goncalves@globalhitss.com.br;stephanykatia5@gmail.com;victor.goncalves@globalhitss.com.br
978515;PEDRO VITOR MARQUES DA COSTA;PEDRO VITOR MARQUES DA COSTA;PEDRO;ATIVO;14/07/2025;22/01/2002;10;BRASIL; ; ; ; ; ; ; ;23;0;23 Ano(s),09 Mes(es) e00 Dia(s);00 Ano(s),03 Mes(es) e07 Dia(s); ; ; ; ; ; ;191.325.367-80;323836312-/RJ;RJ;DETRAN;01/08/2023; ; ; ;1913253;6780; ;RJ;21393688111;1,75975E+11;277;245;3,20004E+11; ;S;SOLTEIRO;M;MASCULINO;8;SUPERIOR INCOMPLETO;E;ESTAGIARIO;E;H30;HITSS FOLHA ULTIMO DIA MÊS;278979;22822;ESTAGIARIO;411005;1800;TS100;TABELA SALARIAL - 100;39 - APR / EST;APR / EST;90;90; ;150; ;978515;Mensalista;CE023;HITSS;HRJ0400188;GERENCIA DE PLANEJAMENTO CONTROLE E QUALIDADE;HITSS;CE023001;HITSS-RIO DE JANEIRO-PRESIDENTE VARGAS; ;CE023;HITSS DO BRASIL SERVICOS TECNOLOGICOS LTDA;HITSS;HITSS DO BRASIL SERVICOS TECNOLOGICOS LTDA;011.168.199/0001-88;85MZBR8H61;RIO DE JANEIRO;RJ;A; ;HIT;HITSS DO BRASIL;SAPCLR_UNICO;SAP - CLAROUNICO; ; ;1040199;HITSS;1050414;HITSS;1161954;HITSS;N.S.A.;NAO INFORMADO;1182636;HITSS;1;NAO SE APLICA;1200011;GLOBAL HITSS;1210123;HITSS;1230192;HITSS;180;S;N; ;845;HEST;170546;SUENNYA CARLA ALMEIDA MELO;HSP1980269;ADMINISTRATIVO E FINANCEIRO CAMPINAS;8;PARDA;N; ;pedro.costa@globalhitss.com.br;PEDRO.COSTA; ; ;Conta Corrente;341;341-ITAU;4077;58037-3;CARDEAL DAS LARANJEIRAS;0;23098495;-;RIO DE JANEIRO;RJ;10;41-987478806; ; ;SANTISSIMO;RIO DE JANEIRO;LOTE 02 QUADRA H;RJ;0;0;CARLOS EDUARDO BEZERRA DA COSTA; ; ;JULIA GARCIA TERRA MARQUES DE LIMA; ; ;44;SINDPD RJ;44;SINDPD RJ; ; ;55;SINDPD RJ;14/07/2025;13/01/2026;26/09/2025; ;170546;SUENNYA CARLA ALMEIDA MELO;suennya.melo@globalhitss.com.br;pedrovitormc@outlook.com.br;suennya.melo@globalhitss.com.br
965009;KEDELIN SILVA MORAES;KEDELIN SILVA MORAES;KEDELIN;ATIVO;13/05/2024;02/05/2006;10;BRASIL; ; ; ; ; ; ; ;19;1;19 Ano(s),05 Mes(es) e20 Dia(s);01 Ano(s),05 Mes(es) e09 Dia(s); ; ; ; ; ; ;454.861.388-90;53092101-7/SP;SP;SSP;12/12/2006; ; ; ;4548613;8890;SP;SP;26905249694;4,82925E+11;248;347; ; ;S;SOLTEIRO;F;FEMININO;7;SEGUNDO GRAU COMPLETO;M;APRENDIZ;F;H30;HITSS FOLHA ULTIMO DIA MÊS;230223;23634;APRENDIZ OP MICROCOMPUTADOR;317205;713.2;TS100;TABELA SALARIAL - 100;39 - APR / EST;APR / EST;90;90; ;100; ;2166;Mensalista;CE023;HITSS;HSP3870269;PROJETO JOVEM APRENDIZ;HITSS;CE023002;HITSS-CAMPINAS-BERNARDINO DE CAMPOS; ;CE023;HITSS DO BRASIL SERVICOS TECNOLOGICOS LTDA;HITSS;HITSS DO BRASIL SERVICOS TECNOLOGICOS LTDA;011.168.199/0002-69;85SPSP8H66;CAMPINAS;SP;G; ;HIT;HITSS DO BRASIL;SAPCLR_UNICO;SAP - CLAROUNICO; ; ;1040199;HITSS;1050414;HITSS;1161954;HITSS;N.S.A.;NAO INFORMADO;1182636;HITSS;1;NAO SE APLICA;1200011;GLOBAL HITSS;1210123;HITSS;1230192;HITSS;180;S;N; ;842;HAPR;188944;THAIANNY KETLY PEREIRA DA SILVA;HSP4170269;TOKIO MARINE SP;2;BRANCA;N; ;kedelin.moraes@globalhitss.com.br;KEDELIN.MORAES; ; ;Conta Corrente;341;341-ITAU;8573;49850-1;AVENIDA ITAQUERA;1909;3526000;11-24769781;SAO PAULO;SP;10;11-985523781; ; ;JARDIM MARINGA;SAO PAULO; ;SP;0;0;RICARDO TEODORO DE MORAES; ; ;GENILDA NUNES DA SILVA; ; ;47;SINDPD SP;47;SINDPD SP; ; ;56;SINDPD-SP; ; ;26/09/2025; ;188944;THAIANNY KETLY PEREIRA DA SILVA;thaianny.silva@globalhitss.com.br;kedelinsilvamoraes2@gmail.com;thaianny.silva@globalhitss.com.br
969237;CARLOS EDUARDO DE SOUSA ANJOS;CARLOS EDUARDO DE SOUSA ANJOS;CARLOS;ATIVO;07/10/2024;13/09/2005;10;BRASIL; ; ; ; ; ; ; ;20;1;20 Ano(s),01 Mes(es) e09 Dia(s);01 Ano(s),00 Mes(es) e15 Dia(s); ; ; ; ; ; ;544.805.068-96;630189390-/SP;SP;SSP;15/02/2024; ; ; ;5448050;6896; ;SP;21349624200;4,86608E+11;693;350;3,20011E+11; ;U;UNIAO ESTAVEL;M;MASCULINO;7;SEGUNDO GRAU COMPLETO;M;APRENDIZ;F;H30;HITSS FOLHA ULTIMO DIA MÊS;264937;23634;APRENDIZ OP MICROCOMPUTADOR;317205;713.2;TS100;TABELA SALARIAL - 100;39 - APR / EST;APR / EST;90;90; ;100; ;2612;Mensalista;CE023;HITSS;HSP3870269;PROJETO JOVEM APRENDIZ;HITSS;CE023002;HITSS-CAMPINAS-BERNARDINO DE CAMPOS; ;CE023;HITSS DO BRASIL SERVICOS TECNOLOGICOS LTDA;HITSS;HITSS DO BRASIL SERVICOS TECNOLOGICOS LTDA;011.168.199/0002-69;85SPSP8H66;CAMPINAS;SP;G; ;HIT;HITSS DO BRASIL;SAPCLR_UNICO;SAP - CLAROUNICO; ; ;1040199;HITSS;1050414;HITSS;1161954;HITSS;N.S.A.;NAO INFORMADO;1182636;HITSS;1;NAO SE APLICA;1200011;GLOBAL HITSS;1210123;HITSS;1230192;HITSS;180;S;N; ;842;HAPR;190076;GIAN ANTONIO BASSO;HSP2900269;PRIMESYS;8;PARDA;N; ;carlos.anjos@globalhitss.com.br;CARLOS.ANJOS; ; ;Conta Corrente;341;341-ITAU;7153;37824-0;RUA SERRA DE ITABAIANA;950;3981040;-;MONGAGUA;SP;10;11-994960297; ; ;PARQUE SANTA MADALENA;SAO PAULO;CASA 2;SP;0;0;JHONES ANDRADE DOS ANJOS;10;BRASIL;JOCACIA DOS SANTOS SOUSA;10;BRASIL;47;SINDPD SP;47;SINDPD SP; ; ;56;SINDPD-SP; ; ;26/09/2025; ;190076;GIAN ANTONIO BASSO;gian.basso@globalhitss.com.br;eduardo.anjos789qwe@gmail.com;gian.basso@globalhitss.com.br
965102;KYARA MOTOYA YAMASHITA;KYARA MOTOYA YAMASHITA;KYARA;ATIVO;13/05/2024;28/10/2005;10;BRASIL; ; ; ; ; ; ; ;20;1;19 Ano(s),11 Mes(es) e25 Dia(s);01 Ano(s),05 Mes(es) e09 Dia(s); ; ; ; ; ; ;435.877.798-80;54071977-8/SP;SP;SSP;21/06/2018; ; ; ;4358777;9880;SP;SP;22811264913;4,85981E+11;30;206; ; ;S;SOLTEIRO;F;FEMININO;7;SEGUNDO GRAU COMPLETO;M;APRENDIZ;F;H30;HITSS FOLHA ULTIMO DIA MÊS;261417;23634;APRENDIZ OP MICROCOMPUTADOR;317205;713.2;TS100;TABELA SALARIAL - 100;39 - APR / EST;APR / EST;90;90; ;100; ;2179;Mensalista;CE023;HITSS;HSP3870269;PROJETO JOVEM APRENDIZ;HITSS;CE023002;HITSS-CAMPINAS-BERNARDINO DE CAMPOS; ;CE023;HITSS DO BRASIL SERVICOS TECNOLOGICOS LTDA;HITSS;HITSS DO BRASIL SERVICOS TECNOLOGICOS LTDA;011.168.199/0002-69;85SPSP8H66;CAMPINAS;SP;G; ;HIT;HITSS DO BRASIL;SAPCLR_UNICO;SAP - CLAROUNICO; ; ;1040199;HITSS;1050414;HITSS;1161954;HITSS;N.S.A.;NAO INFORMADO;1182636;HITSS;1;NAO SE APLICA;1200011;GLOBAL HITSS;1210123;HITSS;1230192;HITSS;180;S;N; ;842;HAPR;184405;MONICA FERREIRA REIS CARVALHO;HSP2880269;CLARO;6;AMARELA;N; ;kyara.yamashita@globalhitss.com.br;KYARA.YAMASHITA; ; ;Conta Corrente;341;341-ITAU;1517;44556-3;RUA SERGIO MILLIET;509;9892410;-;CARAGUATATUBA;SP;10;11-940847279; ; ;JORDANOPOLIS;SAO BERNARDO DO CAMPO; ;SP;0;0;ELCIO YAMASHITA;10;BRASIL;CLEIDE KAYOKO MOTOYA;10;BRASIL;47;SINDPD SP;47;SINDPD SP; ; ;56;SINDPD-SP; ; ;26/09/2025; ;184405;MONICA FERREIRA REIS CARVALHO;monica.carvalho@globalhitss.com.br;kyarakmy@gmail.com;monica.carvalho@globalhitss.com.br
962255;RAPHAELA MATEUS CRUZ;RAPHAELA MATEUS CRUZ;RAPHAELA;ATIVO;05/02/2024;09/11/2004;10;BRASIL;17/09/2025;02/10/2025; ; ; ; ; ;20;1;20 Ano(s),11 Mes(es) e13 Dia(s);01 Ano(s),08 Mes(es) e17 Dia(s); ; ; ; ; ; ;182.813.107-58;29835795-5/RJ;RJ;DETRAN;25/09/2023; ; ; ;1828131;758;RJ;RJ;16672387189;1,82906E+11;260;132; ; ;S;SOLTEIRO;F;FEMININO;7;SEGUNDO GRAU COMPLETO;M;APRENDIZ;F;H30;HITSS FOLHA ULTIMO DIA MÊS;258656;23634;APRENDIZ OP MICROCOMPUTADOR;317205;713.2;TS95;TABELA SALARIAL - 95;39 - APR / EST;APR / EST;90;90; ;100; ;473;Mensalista;CE023;HITSS;HRJ1660188;PROJETO JOVEM APRENDIZ;HITSS;CE023001;HITSS-RIO DE JANEIRO-PRESIDENTE VARGAS; ;CE023;HITSS DO BRASIL SERVICOS TECNOLOGICOS LTDA;HITSS;HITSS DO BRASIL SERVICOS TECNOLOGICOS LTDA;011.168.199/0001-88;85MZBR8H78;RIO DE JANEIRO;RJ;G; ;HIT;HITSS DO BRASIL;SAPCLR_UNICO;SAP - CLAROUNICO; ; ;1040199;HITSS;1050414;HITSS;1161954;HITSS;N.S.A.;NAO INFORMADO;1182636;HITSS;1;NAO SE APLICA;1200011;GLOBAL HITSS;1210123;HITSS;1230192;HITSS;180;S;N; ;842;HAPR;173576;KATIUCIA NUNES DA ROSA;HRJ0CO8H73;CAIXA ECONOMICA FEDERAL - CEF 012;8;PARDA;N; ;raphaela.cruz@globalhitss.com.br;RAPHAELA.CRUZ; ; ;Conta Corrente;341;341-ITAU;6078;91591-2;RUA SAMPAIO RODRIGUES;0;24716400;-;SAO GONCALO;RJ;10;21-2198151906; ; ;JARDIM CATARINA;SAO GONCALO;LT 32 QD 148;RJ;0;0;LUCIANO DA SILVA CRUZ; ; ;RENATA MATEUS CRUZ; ; ;44;SINDPD RJ;44;SINDPD RJ; ; ;55;SINDPD RJ;05/02/2024;05/01/2026;26/09/2025; ;173576;KATIUCIA NUNES DA ROSA;katiucia.rosa@globalhitss.com.br;raphaelamateusss00@gmail.com;katiucia.rosa@globalhitss.com.br
964881;RALPH BIAGGI NETO;RALPH BIAGGI NETO;RALPH;ATIVO;06/05/2024;16/10/1997;10;BRASIL;01/10/2025;16/10/2025; ; ; ; ; ;28;1;28 Ano(s),00 Mes(es) e06 Dia(s);01 Ano(s),05 Mes(es) e16 Dia(s); ; ; ; ; ; ;363.802.238-27;49991907-5/SP;SP;SSP;19/09/2022; ; ; ;3638022;3827;SP;SP;20783094560;4,34018E+11;462;253;913703;C;S;SOLTEIRO;M;MASCULINO;8;SUPERIOR INCOMPLETO;E;ESTAGIARIO;E;H30;HITSS FOLHA ULTIMO DIA MÊS;261294;22822;ESTAGIARIO;411005;1800;TS100;TABELA SALARIAL - 100;42 - AO3;AO3;90;90; ;180; ; ;Mensalista;CE023;HITSS;HSP2120269;DIRETORIA DE OPERAÇÕES;HITSS;CE023002;HITSS-CAMPINAS-BERNARDINO DE CAMPOS; ;CE023;HITSS DO BRASIL SERVICOS TECNOLOGICOS LTDA;HITSS;HITSS DO BRASIL SERVICOS TECNOLOGICOS LTDA;011.168.199/0002-69;85MZBR8Q48;CAMPINAS;SP;G; ;HIT;HITSS DO BRASIL;SAPCLR_UNICO;SAP - CLAROUNICO; ; ;1040199;HITSS;1050414;HITSS;1161954;HITSS;N.S.A.;NAO INFORMADO;1182636;HITSS;1;NAO SE APLICA;1200011;GLOBAL HITSS;1210123;HITSS;1230192;HITSS;180;S;N; ;845;HEST;941646;FABIO FONSECA SOARES PINTO;HSP4560269;BIG DATA E ANALYTICS;2;BRANCA;N; ;ralph.neto@globalhitss.com.br;RALPH.NETO; ; ;Conta Corrente;341;341-ITAU;525;79579-5;RUA VILELA;346;3068000;-;RIBEIRAO PRETO;SP;10;16-993568493; ; ;TATUAPE;SAO PAULO;AP 04;SP;0;0;RALPH DA SILVA BIAGGI; ; ;JOANA DARC GUESSO BIAGGI; ; ;47;SINDPD SP;47;SINDPD SP; ; ;56;SINDPD-SP; ; ;26/09/2025; ;941646;FABIO FONSECA SOARES PINTO;fabio.pinto@globalhitss.com.br;ralph.neto@aluno.ufabc.edu.br;fabio.pinto@globalhitss.com.br
973913;GIOVANA SANTOS DE SOUZA;GIOVANA SANTOS DE SOUZA;GIOVANA;ATIVO;03/03/2025;21/02/2005;10;BRASIL; ; ; ; ; ; ; ;20;0;20 Ano(s),08 Mes(es) e01 Dia(s);00 Ano(s),07 Mes(es) e18 Dia(s); ; ; ; ; ; ;154.339.447-78;333860732-/RJ;RJ;DETRAN;21/07/2023; ; ; ;1543394;4778; ;RJ;13914381980;1,78194E+11;219;186; ; ;S;SOLTEIRO;F;FEMININO;8;SUPERIOR INCOMPLETO;E;ESTAGIARIO;E;H30;HITSS FOLHA ULTIMO DIA MÊS;269664;22822;ESTAGIARIO;411005;1800;TS95;TABELA SALARIAL - 95;39 - APR / EST;APR / EST;90;90; ;180; ; ;Mensalista;CE023;HITSS;HRJ0640188;DIRETORIA DE OPERAÇÕES;HITSS;CE023001;HITSS-RIO DE JANEIRO-PRESIDENTE VARGAS; ;CE023;HITSS DO BRASIL SERVICOS TECNOLOGICOS LTDA;HITSS;HITSS DO BRASIL SERVICOS TECNOLOGICOS LTDA;011.168.199/0001-88;85MZBR8Q48;RIO DE JANEIRO;RJ;G; ;HIT;HITSS DO BRASIL;SAPCLR_UNICO;SAP - CLAROUNICO; ; ;1040199;HITSS;1050414;HITSS;1161954;HITSS;N.S.A.;NAO INFORMADO;1182636;HITSS;1;NAO SE APLICA;1200011;GLOBAL HITSS;1210123;HITSS;1230192;HITSS;180;S;N; ;845;HEST;180415;CINTHIA MAGALHAES DE AMORIM MARINHO;HRJ0480188;RH - SELEÇAO;8;PARDA;N; ;giovana.souza@globalhitss.com.br;GIOVANA.SOUZA; ; ;Conta Corrente;341;341-ITAU;6395;59659-3;RUA SANTA MARIA MADALENA;34;28300000;-;RIO DE JANEIRO;RJ;10;21-982243406; ; ;PARQUE TIETE;SAO JOAO DE MERITI;LT 10 QD 84;RJ;0;0;KLEBER SILVA DE SOUZA;10;BRASIL;EDNA DOS ANJOS SANTOS;10;BRASIL;44;SINDPD RJ;44;SINDPD RJ; ; ;55;SINDPD RJ; ; ;26/09/2025; ;180415;CINTHIA MAGALHAES DE AMORIM MARINHO;cinthia.marinho@globalhitss.com.br;giovana.souz21@gmail.com;cinthia.marinho@globalhitss.com.br
964858;DOUGLAS OLIVEIRA DE FREITAS;DOUGLAS OLIVEIRA DE FREITAS;DOUGLAS;ATIVO;06/05/2024;26/09/2000;10;BRASIL; ; ; ; ; ; ; ;25;1;25 Ano(s),00 Mes(es) e27 Dia(s);01 Ano(s),05 Mes(es) e16 Dia(s); ; ; ; ; ; ;194.885.517-80;30580010-4/RJ;RJ;DETRAN;27/08/2018; ; ; ;1948855;1780;RJ;RJ;13698917075;1,73951E+11;204;191;3,20002E+11; ;S;SOLTEIRO;M;MASCULINO;8;SUPERIOR INCOMPLETO;E;ESTAGIARIO;E;H30;HITSS FOLHA ULTIMO DIA MÊS;261269;22822;ESTAGIARIO;411005;1800;TS100;TABELA SALARIAL - 100;42 - AO3;AO3;90;90; ;180; ; ;Mensalista;CE023;HITSS;HRJ0640188;DIRETORIA DE OPERAÇÕES;HITSS;CE023001;HITSS-RIO DE JANEIRO-PRESIDENTE VARGAS; ;CE023;HITSS DO BRASIL SERVICOS TECNOLOGICOS LTDA;HITSS;HITSS DO BRASIL SERVICOS TECNOLOGICOS LTDA;011.168.199/0001-88;85MZBR8Q48;RIO DE JANEIRO;RJ;G; ;HIT;HITSS DO BRASIL;SAPCLR_UNICO;SAP - CLAROUNICO; ; ;1040199;HITSS;1050414;HITSS;1161954;HITSS;N.S.A.;NAO INFORMADO;1182636;HITSS;1;NAO SE APLICA;1200011;GLOBAL HITSS;1210123;HITSS;1230192;HITSS;180;S;N; ;845;HEST;171673;ALESSANDRA VAZ NUNES;HRJ0570188;VIA EMBRATEL / IBM;2;BRANCA;N; ;douglas.freitas@globalhitss.com.br;DOUGLAS.FREITAS; ; ;Conta Corrente;341;341-ITAU;1595;53993-1;RUA FLORESTA AZUL;296;21930420;-;RIO DE JANEIRO;RJ;10;21-999943214; ; ;CACUIA;RIO DE JANEIRO;CASA 03;RJ;0;0;JOSE MACIEL DE FREITAS; ; ;MARIA DAS DORES OLIVEIRA DE FREITAS; ; ;44;SINDPD RJ;44;SINDPD RJ; ; ;55;SINDPD RJ; ; ;26/09/2025; ;171673;ALESSANDRA VAZ NUNES;alessandra.nunes@globalhitss.com.br;douglasfreitasoliveira10@gmail.com;alessandra.nunes@globalhitss.com.br
974816;INGRID OLIVEIRA DE AMORIM;INGRID OLIVEIRA DE AMORIM;INGRID;ATIVO;02/04/2025;18/12/2004;10;BRASIL; ; ; ; ; ; ; ;20;0;20 Ano(s),10 Mes(es) e04 Dia(s);00 Ano(s),06 Mes(es) e19 Dia(s); ; ; ; ; ; ;424.865.688-40;567925146-/SP;SP;SSP;07/04/2022; ; ; ;4248656;8840; ;SP;27130398642;4,71406E+11;336;246; ; ;S;SOLTEIRO;F;FEMININO;8;SUPERIOR INCOMPLETO;E;ESTAGIARIO;E;H30;HITSS FOLHA ULTIMO DIA MÊS;271570;22822;ESTAGIARIO;411005;1800;TS100;TABELA SALARIAL - 100;39 - APR / EST;APR / EST;90;90; ;150; ;947816;Mensalista;CE023;HITSS;HSP2540269;DIRETORIA DE OPERAÇÕES;HITSS;CE023002;HITSS-CAMPINAS-BERNARDINO DE CAMPOS; ;CE023;HITSS DO BRASIL SERVICOS TECNOLOGICOS LTDA;HITSS;HITSS DO BRASIL SERVICOS TECNOLOGICOS LTDA;011.168.199/0002-69;85SPSP8H66;CAMPINAS;SP;G; ;HIT;HITSS DO BRASIL;SAPCLR_UNICO;SAP - CLAROUNICO; ; ;1040199;HITSS;1050414;HITSS;1161954;HITSS;N.S.A.;NAO INFORMADO;1182636;HITSS;1;NAO SE APLICA;1200011;GLOBAL HITSS;1210123;HITSS;1230192;HITSS;180;S;N; ;845;HEST;176053;RICARDO QUEIROZ RODRIGUES;HSP2470269;VIA EMBRATEL / IBM;2;BRANCA;N; ;ingrid.amorim@globalhitss.com.br;INGRID.AMORIM; ; ;Conta Corrente;341;341-ITAU;7237;59951-4;RUA NIDERAU FELIX MACHADO;275;4676030;-;SAO PAULO;SP;10;11-943787632; ; ;VILA SAO PEDRO;SAO PAULO;CASA;SP;0;0;ALEXANDRE FERREIRA DE AMORIM;10;BRASIL;CLAUDIA ERETUSA DE AMORIM;10;BRASIL;47;SINDPD SP;47;SINDPD SP; ; ;56;SINDPD-SP; ; ;26/09/2025; ;176053;RICARDO QUEIROZ RODRIGUES;ricardo.rodrigues@globalhitss.com.br;ingrid.oamorim@outlook.com;ricardo.rodrigues@globalhitss.com.br
974158;THIAGO FRANCISCO PAES;THIAGO FRANCISCO PAES;THIAGO;ATIVO;10/03/2025;17/07/2006;10;BRASIL; ; ; ; ; ; ; ;19;0;19 Ano(s),03 Mes(es) e05 Dia(s);00 Ano(s),07 Mes(es) e11 Dia(s); ; ; ; ; ; ;515.723.498-83;545673094-/SP;SP;SSP;26/09/2024; ; ; ;5157234;9883;SP;SP;23791094382;4,85398E+11;460;361;3,2001E+11; ;S;SOLTEIRO;M;MASCULINO;7;SEGUNDO GRAU COMPLETO;M;APRENDIZ;F;H30;HITSS FOLHA ULTIMO DIA MÊS;269965;23634;APRENDIZ OP MICROCOMPUTADOR;317205;713.2;TS100;TABELA SALARIAL - 100;39 - APR / EST;APR / EST;90;90; ;100; ;3059;Mensalista;CE023;HITSS;HSP2540269;DIRETORIA DE OPERAÇÕES;HITSS;CE023002;HITSS-CAMPINAS-BERNARDINO DE CAMPOS; ;CE023;HITSS DO BRASIL SERVICOS TECNOLOGICOS LTDA;HITSS;HITSS DO BRASIL SERVICOS TECNOLOGICOS LTDA;011.168.199/0002-69;85SPSP8H66;CAMPINAS;SP;G; ;HIT;HITSS DO BRASIL;SAPCLR_UNICO;SAP - CLAROUNICO; ; ;1040199;HITSS;1050414;HITSS;1161954;HITSS;N.S.A.;NAO INFORMADO;1182636;HITSS;1;NAO SE APLICA;1200011;GLOBAL HITSS;1210123;HITSS;1230192;HITSS;180;S;N; ;842;HAPR;964894;ANDRE AFONSO MARCOS;HSP2880269;CLARO;8;PARDA;N; ;thiago.paes@globalhitss.com.br;THIAGO.PAES; ; ;Conta Corrente;341;341-ITAU;7701;51238-1;RUA CAZUZA;91;13187093;-;CAMPINAS;SP;10;19-981904583; ; ;JARDIM SAO BENTO;HORTOLANDIA;CASA;SP;0;0;ELIVANDO FRANCISCO PAES; ; ;ROSANGELA ALVES PAES; ; ;47;SINDPD SP;47;SINDPD SP; ; ;56;SINDPD-SP; ; ;26/09/2025; ;964894;ANDRE AFONSO MARCOS;andre.marcos@globalhitss.com.br;thiago.bruno.francisco.paes@gmail.com;andre.marcos@globalhitss.com.br
965153;MATHEUS DA SILVA SANTOS;MATHEUS DA SILVA SANTOS;MATHEUS;ATIVO;13/05/2024;01/08/2007;10;BRASIL;27/10/2025;11/11/2025; ; ; ; ; ;18;1;18 Ano(s),02 Mes(es) e21 Dia(s);01 Ano(s),05 Mes(es) e09 Dia(s); ; ; ; ; ; ;551.342.138-01;53369503-X/SP;SP;SSP;11/11/2022; ; ; ;5513421;3801; ;SP;21299172379; ; ; ; ; ;S;SOLTEIRO;M;MASCULINO;6;SEGUNDO GRAU INCOMPLETO;M;APRENDIZ;F;H30;HITSS FOLHA ULTIMO DIA MÊS;261468;23634;APRENDIZ OP MICROCOMPUTADOR;317205;713.2;TS100;TABELA SALARIAL - 100;39 - APR / EST;APR / EST;90;90; ;100; ;2215;Mensalista;CE023;HITSS;HSP3870269;PROJETO JOVEM APRENDIZ;HITSS;CE023002;HITSS-CAMPINAS-BERNARDINO DE CAMPOS; ;CE023;HITSS DO BRASIL SERVICOS TECNOLOGICOS LTDA;HITSS;HITSS DO BRASIL SERVICOS TECNOLOGICOS LTDA;011.168.199/0002-69;85SPSP8H66;CAMPINAS;SP;G; ;HIT;HITSS DO BRASIL;SAPCLR_UNICO;SAP - CLAROUNICO; ; ;1040199;HITSS;1050414;HITSS;1161954;HITSS;N.S.A.;NAO INFORMADO;1182636;HITSS;1;NAO SE APLICA;1200011;GLOBAL HITSS;1210123;HITSS;1230192;HITSS;180;S;N; ;842;HAPR;935853;CLEITON ALVES DA SILVA;HSP2470269;VIA EMBRATEL / IBM;4;PRETA;N; ;matheus.silvasantos@globalhitss.com.br;MATHEUS.SILVASANTOS; ; ;Conta Corrente;341;341-ITAU;6997;56693-7;RUA DINA SFAT;29;6145124;-;OSASCO;SP;10; ; ; ;OSASCO;OSASCO;A;SP;0;0;RAIMUNDO DE JESUS SANTOS; ; ;ROSENIDE ISAIAS DA SILVA SANTOS;10;BRASIL;47;SINDPD SP;47;SINDPD SP; ; ;56;SINDPD-SP; ; ;26/09/2025; ;935853;CLEITON ALVES DA SILVA;cleiton.silva@globalhitss.com.br;omatheusanttos.dev@outlook.com;cleiton.silva@globalhitss.com.br
969247;EDUARDA CRISTINA SANTOS DA COSTA;EDUARDA CRISTINA SANTOS DA COSTA;EDUARDA;ATIVO;07/10/2024;11/09/2006;10;BRASIL; ; ; ; ; ; ; ;19;1;19 Ano(s),01 Mes(es) e11 Dia(s);01 Ano(s),00 Mes(es) e15 Dia(s); ; ; ; ; ; ;557.463.648-43;521006156-/SP;SP;SSP;18/09/2018; ; ; ;5574636;4843; ;SP;23628734866; ; ; ; ; ;S;SOLTEIRO;F;FEMININO;6;SEGUNDO GRAU INCOMPLETO;M;APRENDIZ;F;H30;HITSS FOLHA ULTIMO DIA MÊS;264941;23634;APRENDIZ OP MICROCOMPUTADOR;317205;713.2;TS100;TABELA SALARIAL - 100;39 - APR / EST;APR / EST;90;90; ;100; ;2614;Mensalista;CE023;HITSS;HSP3870269;PROJETO JOVEM APRENDIZ;HITSS;CE023002;HITSS-CAMPINAS-BERNARDINO DE CAMPOS; ;CE023;HITSS DO BRASIL SERVICOS TECNOLOGICOS LTDA;HITSS;HITSS DO BRASIL SERVICOS TECNOLOGICOS LTDA;011.168.199/0002-69;85SPSP8H66;CAMPINAS;SP;G; ;HIT;HITSS DO BRASIL;SAPCLR_UNICO;SAP - CLAROUNICO; ; ;1040199;HITSS;1050414;HITSS;1161954;HITSS;N.S.A.;NAO INFORMADO;1182636;HITSS;1;NAO SE APLICA;1200011;GLOBAL HITSS;1210123;HITSS;1230192;HITSS;180;S;N; ;842;HAPR;184925;FRANCISCO ALBERTO DA SILVA;HSP2880269;CLARO;2;BRANCA;N; ;eduarda.costa@globalhitss.com.br;EDUARDA.COSTA; ; ;Conta Corrente;341;341-ITAU;6733;76828-4;RUA CEREJEIRA;8;4895130;-;SAO PAULO;SP;10;11-998375422; ; ;COLONIA;SAO PAULO; ;SP;0;0;PEDRO PAULO DA COSTA;10;BRASIL;JULIANA APARECIDA DOS SANTOS DA COSTA;10;BRASIL;47;SINDPD SP;47;SINDPD SP; ; ;56;SINDPD-SP; ; ;26/09/2025; ;184925;FRANCISCO ALBERTO DA SILVA;francisco.silva@globalhitss.com.br;jpdocesfinos@icloud.com;francisco.silva@globalhitss.com.br
978452;DANIEL RODRIGUES ALVES MELO DA SILVA;Daniel Rodrigues Alves Melo da Silva;DANIEL;ATIVO;14/07/2025;26/12/2005;10;BRASIL; ; ; ; ; ; ; ;19;0;19 Ano(s),09 Mes(es) e27 Dia(s);00 Ano(s),03 Mes(es) e07 Dia(s); ; ; ; ; ; ;540.215.218-79;54021521879-/SP;SP;SSP;19/04/2024; ; ; ;5402152;1879;sp;SP;27109598506; ; ; ; ; ;S;SOLTEIRO;M;MASCULINO;7;SEGUNDO GRAU COMPLETO;M;APRENDIZ;F;H30;HITSS FOLHA ULTIMO DIA MÊS;283726;23634;APRENDIZ OP MICROCOMPUTADOR;317205;713.2;TS100;TABELA SALARIAL - 100;39 - APR / EST;APR / EST;90;90; ;100; ;978452;Mensalista;CE023;HITSS;HSP3870269;PROJETO JOVEM APRENDIZ;HITSS;CE023002;HITSS-CAMPINAS-BERNARDINO DE CAMPOS; ;CE023;HITSS DO BRASIL SERVICOS TECNOLOGICOS LTDA;HITSS;HITSS DO BRASIL SERVICOS TECNOLOGICOS LTDA;011.168.199/0002-69;85SPSP8H66;CAMPINAS;SP;G; ;HIT;HITSS DO BRASIL;SAPCLR_UNICO;SAP - CLAROUNICO; ; ;1040199;HITSS;1050414;HITSS;1161954;HITSS;N.S.A.;NAO INFORMADO;1182636;HITSS;1;NAO SE APLICA;1200011;GLOBAL HITSS;1210123;HITSS;1230192;HITSS;180;S;N; ;842;HAPR; ;GESTOR NAO ENCONTRADO; ;DEPARTAMENTO NAO ENCONTRADO;2;BRANCA;N; ;daniel.melo@globalhitss.com.br;DANIEL.MELO; ; ;Conta Corrente;341;341-ITAU;139;95028-1;RUA SAO SEVERIANO;54;3613030;-;CAMPINAS;SP;10;11-993320748; ; ;VILA SANTANA;SAO PAULO; ;SP;0;0;KLEBER MELO DA SILVA; ; ;FERNANDA APARECIDA RODRIGUES ALVES SILVA; ; ;47;SINDPD SP;47;SINDPD SP;47;SINDPD SP;56;SINDPD-SP; ; ;20/10/2025; ; ;GESTOR NAO ENCONTRADO; ;danix.rams@gmail.com; 
965091;LUIZ FELIPE SILVA HAYASHI;LUIZ FELIPE SILVA HAYASHI;LUIZ;ATIVO;13/05/2024;01/10/2006;10;BRASIL; ; ; ; ; ; ; ;19;1;19 Ano(s),00 Mes(es) e21 Dia(s);01 Ano(s),05 Mes(es) e09 Dia(s); ; ; ; ; ; ;532.562.148-35;526375668-/SP;SP;SSP;12/03/2015; ; ; ;5325621;4835;SP; ;14845893564; ; ; ; ; ;S;SOLTEIRO;M;MASCULINO;6;SEGUNDO GRAU INCOMPLETO;M;APRENDIZ;F;H30;HITSS FOLHA ULTIMO DIA MÊS;261440;23634;APRENDIZ OP MICROCOMPUTADOR;317205;713.2;TS100;TABELA SALARIAL - 100;39 - APR / EST;APR / EST;90;90; ;100; ;2196;Mensalista;CE023;HITSS;HSP3870269;PROJETO JOVEM APRENDIZ;HITSS;CE023002;HITSS-CAMPINAS-BERNARDINO DE CAMPOS; ;CE023;HITSS DO BRASIL SERVICOS TECNOLOGICOS LTDA;HITSS;HITSS DO BRASIL SERVICOS TECNOLOGICOS LTDA;011.168.199/0002-69;85SPSP8H66;CAMPINAS;SP;G; ;HIT;HITSS DO BRASIL;SAPCLR_UNICO;SAP - CLAROUNICO; ; ;1040199;HITSS;1050414;HITSS;1161954;HITSS;N.S.A.;NAO INFORMADO;1182636;HITSS;1;NAO SE APLICA;1200011;GLOBAL HITSS;1210123;HITSS;1230192;HITSS;180;S;N; ;842;HAPR;184925;FRANCISCO ALBERTO DA SILVA;HSP2880269;CLARO;6;AMARELA;N; ;luiz.hayashi@globalhitss.com.br;LUIZ.HAYASHI; ; ;Conta Corrente;341;341-ITAU;1684;56122-6;RUA PROFESSOR CARDOSO RANGEL;324;4843360;-;SAO PAULO;SP;10;11-973051881; ; ;PARQUE SAO JOSE;SAO PAULO; ;SP;0;0;ALAN HAYASHI CORREA;10;BRASIL;LUCILENE MARIA DA SILVA;10;BRASIL;47;SINDPD SP;47;SINDPD SP; ; ;56;SINDPD-SP; ; ;26/09/2025; ;184925;FRANCISCO ALBERTO DA SILVA;francisco.silva@globalhitss.com.br;luizfhayashi@gmail.com;francisco.silva@globalhitss.com.br
965142;ROGER DE SOUZA SPINA;ROGER DE SOUZA SPINA;ROGER;ATIVO;13/05/2024;19/03/2008;10;BRASIL; ; ; ; ; ; ; ;17;1;17 Ano(s),07 Mes(es) e03 Dia(s);01 Ano(s),05 Mes(es) e09 Dia(s); ; ; ; ; ; ;545.005.238-39;59952415-7/SP;SP;SSP;21/05/2015; ; ; ;5450052;3839;SP;SP;26927721566;4,85888E+11;100;332; ; ;S;SOLTEIRO;M;MASCULINO;6;SEGUNDO GRAU INCOMPLETO;M;APRENDIZ;F;H30;HITSS FOLHA ULTIMO DIA MÊS;242794;23634;APRENDIZ OP MICROCOMPUTADOR;317205;713.2;TS100;TABELA SALARIAL - 100;39 - APR / EST;APR / EST;90;90; ;100; ;2190;Mensalista;CE023;HITSS;HSP3870269;PROJETO JOVEM APRENDIZ;HITSS;CE023002;HITSS-CAMPINAS-BERNARDINO DE CAMPOS; ;CE023;HITSS DO BRASIL SERVICOS TECNOLOGICOS LTDA;HITSS;HITSS DO BRASIL SERVICOS TECNOLOGICOS LTDA;011.168.199/0002-69;85SPSP8H66;CAMPINAS;SP;G; ;HIT;HITSS DO BRASIL;SAPCLR_UNICO;SAP - CLAROUNICO; ; ;1040199;HITSS;1050414;HITSS;1161954;HITSS;N.S.A.;NAO INFORMADO;1182636;HITSS;1;NAO SE APLICA;1200011;GLOBAL HITSS;1210123;HITSS;1230192;HITSS;180;S;N; ;842;HAPR;161323;MARCIO AFFONSO RAMOS;HRJ5380188;CAIXA ECONOMICA FEDERAL - CEF 012;2;BRANCA;N; ;roger.spina@globalhitss.com.br;ROGER.SPINA; ; ;Conta Corrente;341;341-ITAU;1637;57821-0;RUA PERNAMBUCANA;341;6140040;-;SAO PAULO;SP;10;11-945957829; ; ;CONCEICAO;OSASCO;APTO 102 BL 15;SP;0;0;ROGERIO DONIZETE SPINA;10;BRASIL;SIMONE REGIANE DE SOUZA SPINA;10;BRASIL;47;SINDPD SP;47;SINDPD SP; ; ;56;SINDPD-SP; ; ;26/09/2025; ;161323;MARCIO AFFONSO RAMOS;marcio.ramos@globalhitss.com.br;megaad97@gmail.com;marcio.ramos@globalhitss.com.br
976337;PEDRO VINICIUS DA SILVA SENNA;PEDRO VINICIUS DA SILVA SENNA;PEDRO;ATIVO;12/05/2025;20/01/1999;10;BRASIL; ; ; ; ; ; ; ;26;0;26 Ano(s),09 Mes(es) e02 Dia(s);00 Ano(s),05 Mes(es) e09 Dia(s); ; ; ; ; ; ;132.070.027-65;252196126-/RJ;RJ;DETRAN;03/06/2024; ; ; ;1320700;2765; ;RJ;16666485018;1,69867E+11;205;154;21462862430; ;S;SOLTEIRO;M;MASCULINO;8;SUPERIOR INCOMPLETO;E;ESTAGIARIO;E;H30;HITSS FOLHA ULTIMO DIA MÊS;261263;22822;ESTAGIARIO;411005;1800;TS95;TABELA SALARIAL - 95;39 - APR / EST;APR / EST;90;90; ;180; ; ;Mensalista;CE023;HITSS;HRJ0640188;DIRETORIA DE OPERAÇÕES;HITSS;CE023001;HITSS-RIO DE JANEIRO-PRESIDENTE VARGAS; ;CE023;HITSS DO BRASIL SERVICOS TECNOLOGICOS LTDA;HITSS;HITSS DO BRASIL SERVICOS TECNOLOGICOS LTDA;011.168.199/0001-88;85MZBR8Q48;RIO DE JANEIRO;RJ;G; ;HIT;HITSS DO BRASIL;SAPCLR_UNICO;SAP - CLAROUNICO; ; ;1040199;HITSS;1050414;HITSS;1161954;HITSS;N.S.A.;NAO INFORMADO;1182636;HITSS;1;NAO SE APLICA;1200011;GLOBAL HITSS;1210123;HITSS;1230192;HITSS;180;S;N; ;845;HEST;180648;PAULO ROBERTO SILVA LEONARDO;HSP5300269;TI INTERNO;8;PARDA;N; ;pedro.senna@globalhitss.com.br;PEDRO.SENNA; ; ;Conta Corrente;341;341-ITAU;9291;32680-0;RUA DOM HELDER CAMARA;8807;21380008;-;NOVA IGUACU;RJ;10;21-974472333; ; ;PIEDADE;RIO DE JANEIRO;CASA 2 APTO 201;RJ;0;0;NAO INFORMADO; ; ;CLAUDIA REGINA DA SILVA SENNA; ; ;44;SINDPD RJ;44;SINDPD RJ; ; ;55;SINDPD RJ; ; ;26/09/2025; ;180648;PAULO ROBERTO SILVA LEONARDO;paulo.leonardo@globalhitss.com.br;pedro.senna7@gmail.com;paulo.leonardo@globalhitss.com.br
965008;TAYNARA DE JESUS SANTOS;TAYNARA DE JESUS SANTOS;TAYNARA;ATIVO;13/05/2024;20/09/2006;10;BRASIL; ; ; ; ; ; ; ;19;1;19 Ano(s),01 Mes(es) e02 Dia(s);01 Ano(s),05 Mes(es) e09 Dia(s); ; ; ; ; ; ;455.809.548-16;56435928-2/SP;SP;SSP;03/03/2022; ; ; ;4558095;4816;sp;SP;27055414356;4,79953E+11;194;332; ; ;S;SOLTEIRO;F;FEMININO;6;SEGUNDO GRAU INCOMPLETO;M;APRENDIZ;F;H30;HITSS FOLHA ULTIMO DIA MÊS;230221;23634;APRENDIZ OP MICROCOMPUTADOR;317205;713.2;TS100;TABELA SALARIAL - 100;39 - APR / EST;APR / EST;90;90; ;100; ;2165;Mensalista;CE023;HITSS;HSP3870269;PROJETO JOVEM APRENDIZ;HITSS;CE023002;HITSS-CAMPINAS-BERNARDINO DE CAMPOS; ;CE023;HITSS DO BRASIL SERVICOS TECNOLOGICOS LTDA;HITSS;HITSS DO BRASIL SERVICOS TECNOLOGICOS LTDA;011.168.199/0002-69;85SPSP8H66;CAMPINAS;SP;G; ;HIT;HITSS DO BRASIL;SAPCLR_UNICO;SAP - CLAROUNICO; ; ;1040199;HITSS;1050414;HITSS;1161954;HITSS;N.S.A.;NAO INFORMADO;1182636;HITSS;1;NAO SE APLICA;1200011;GLOBAL HITSS;1210123;HITSS;1230192;HITSS;180;S;N; ;842;HAPR;190108;LUCIMEIRE FELICIANO;HSP3090269;ITO INFRA;2;BRANCA;N; ;taynara.santos@globalhitss.com.br;TAYNARA.SANTOS; ; ;Conta Corrente;341;341-ITAU;6997;56666-3;RUA PIAUENSE;335;6140010;-;SAO PAULO;SP;10;11-96728-2981; ; ;JARDIM CONCEICAO;OSASCO; ;SP;0;0;ALCIDIO JUVENAL DOS SANTOS; ; ;ALZIRA DE JESUS MARCELINO SANTOS; ; ;47;SINDPD SP;47;SINDPD SP; ; ;56;SINDPD-SP; ; ;26/09/2025; ;190108;LUCIMEIRE FELICIANO;lucimeire.feliciano@globalhitss.com.br;aguilartay674@gmail.com;lucimeire.feliciano@globalhitss.com.br
965154;YASMIN BARBOSA VASCONCELOS;YASMIN BARBOSA VASCONCELOS;YASMIN;ATIVO;13/05/2024;05/07/2006;10;BRASIL; ; ; ; ; ; ; ;19;1;19 Ano(s),03 Mes(es) e17 Dia(s);01 Ano(s),05 Mes(es) e09 Dia(s); ; ; ; ; ; ;490.661.038-25;55246750-9/SP;SP;SSP;10/05/2016; ; ; ;4906610;3825;sp;SP;27122923873; ; ; ; ; ;S;SOLTEIRO;F;FEMININO;6;SEGUNDO GRAU INCOMPLETO;M;APRENDIZ;F;H30;HITSS FOLHA ULTIMO DIA MÊS;261453;23634;APRENDIZ OP MICROCOMPUTADOR;317205;713.2;TS100;TABELA SALARIAL - 100;39 - APR / EST;APR / EST;90;90; ;100; ;2205;Mensalista;CE023;HITSS;HSP3870269;PROJETO JOVEM APRENDIZ;HITSS;CE023002;HITSS-CAMPINAS-BERNARDINO DE CAMPOS; ;CE023;HITSS DO BRASIL SERVICOS TECNOLOGICOS LTDA;HITSS;HITSS DO BRASIL SERVICOS TECNOLOGICOS LTDA;011.168.199/0002-69;85SPSP8H66;CAMPINAS;SP;G; ;HIT;HITSS DO BRASIL;SAPCLR_UNICO;SAP - CLAROUNICO; ; ;1040199;HITSS;1050414;HITSS;1161954;HITSS;N.S.A.;NAO INFORMADO;1182636;HITSS;1;NAO SE APLICA;1200011;GLOBAL HITSS;1210123;HITSS;1230192;HITSS;180;S;N; ;842;HAPR;184978;ROSANA MANARA;HSP2470269;VIA EMBRATEL / IBM;2;BRANCA;N; ;yasmin.vasconcelos@globalhitss.com.br;YASMIN.VASCONCELOS;N; ;Conta Corrente;341;341-ITAU;6996;31109-5;RUA MIGUEL ARRAES;38;6145042;11-965836996;OSASCO;SP;10;11-965836996; ; ;CONCEICAO;OSASCO;CASA 2 VL CONQUISTA;SP;0;0;MARCELO MARLONI DE VASCONCELOS CARNEIRO;10;BRASIL;NORMA PEREIRA BARBOSA DOS SANTOS;10;BRASIL;47;SINDPD SP;47;SINDPD SP;47;SINDPD SP;56;SINDPD-SP; ; ;26/09/2025; ;184978;ROSANA MANARA;rosana.manara@globalhitss.com.br;yasminbarbosavasc85@gmail.com;rosana.manara@globalhitss.com.br
978725;MELISSA ALVARES LEMES;MELISSA ALVARES LEMES;MELISSA;ATIVO;21/07/2025;19/03/2004;10;BRASIL; ; ; ; ; ; ; ;21;0;21 Ano(s),07 Mes(es) e03 Dia(s);00 Ano(s),03 Mes(es) e00 Dia(s); ; ; ; ; ; ;487.446.878-00;48744687800-/SP;SP;SSP;25/08/2024; ; ; ;48744687;800; ;SP;26907423462;4,71668E+11;89;422; ; ;S;SOLTEIRO;F;FEMININO;7;SEGUNDO GRAU COMPLETO;M;APRENDIZ;F;H30;HITSS FOLHA ULTIMO DIA MÊS;253966;23634;APRENDIZ OP MICROCOMPUTADOR;317205;713.2;TS100;TABELA SALARIAL - 100;39 - APR / EST;APR / EST;90;90; ;100; ;3472;Mensalista;CE023;HITSS;HSP3870269;PROJETO JOVEM APRENDIZ;HITSS;CE023002;HITSS-CAMPINAS-BERNARDINO DE CAMPOS; ;CE023;HITSS DO BRASIL SERVICOS TECNOLOGICOS LTDA;HITSS;HITSS DO BRASIL SERVICOS TECNOLOGICOS LTDA;011.168.199/0002-69;85SPSP8H66;CAMPINAS;SP;G; ;HIT;HITSS DO BRASIL;SAPCLR_UNICO;SAP - CLAROUNICO; ; ;1040199;HITSS;1050414;HITSS;1161954;HITSS;N.S.A.;NAO INFORMADO;1182636;HITSS;1;NAO SE APLICA;1200011;GLOBAL HITSS;1210123;HITSS;1230192;HITSS;180;S;N; ;842;HAPR;189062;ERIC MORGADO DE CAMPOS;HRJ0510188;RH - ADM PESSOAL;2;BRANCA;N; ;melissa.lemes@globalhitss.com.br;MELISSA.LEMES; ; ;Conta Corrente;341;341-ITAU;7129;48866-9;RUA DA SEDE;325;2653020;-;SAO PAULO;SP;10;11-970817650; ; ;JARDIM ANTARTICA;SAO PAULO; ;SP;0;0;ADRIANO DOS SANTOS LEMES;10;BRASIL;EDITE NEIDE ALVARES;10;BRASIL;47;SINDPD SP;47;SINDPD SP; ; ;56;SINDPD-SP;21/07/2025;21/05/2027;26/09/2025; ;189062;ERIC MORGADO DE CAMPOS;eric.campos@globalhitss.com.br;melissa19alle@gmail.com;eric.campos@globalhitss.com.br
974104;MARIA EDUARDA MENDES BARBOZA;MARIA EDUARDA MENDES BARBOZA;MARIA;ATIVO;10/03/2025;15/12/2006;10;BRASIL; ; ; ; ; ; ; ;18;0;18 Ano(s),10 Mes(es) e07 Dia(s);00 Ano(s),07 Mes(es) e11 Dia(s); ; ; ; ; ; ;445.450.488-11;542208945-/SP;SP;SSP;29/06/2023; ; ; ;4454504;8811; ;SP;26927808840;4,93569E+11;979;328; ; ;S;SOLTEIRO;F;FEMININO;7;SEGUNDO GRAU COMPLETO;M;APRENDIZ;F;H30;HITSS FOLHA ULTIMO DIA MÊS;269962;23634;APRENDIZ OP MICROCOMPUTADOR;317205;713.2;TS100;TABELA SALARIAL - 100;39 - APR / EST;APR / EST;70;70; ;100; ;3051;Mensalista;CE023;HITSS;HSP2540269;DIRETORIA DE OPERAÇÕES;HITSS;CE023002;HITSS-CAMPINAS-BERNARDINO DE CAMPOS; ;CE023;HITSS DO BRASIL SERVICOS TECNOLOGICOS LTDA;HITSS;HITSS DO BRASIL SERVICOS TECNOLOGICOS LTDA;011.168.199/0002-69;85SPSP8H66;CAMPINAS;SP;G; ;HIT;HITSS DO BRASIL;SAPCLR_UNICO;SAP - CLAROUNICO; ; ;1040199;HITSS;1050414;HITSS;1161954;HITSS;N.S.A.;NAO INFORMADO;1182636;HITSS;1;NAO SE APLICA;1200011;GLOBAL HITSS;1210123;HITSS;1230192;HITSS;180;S;N; ;842;HAPR;184405;MONICA FERREIRA REIS CARVALHO;HSP2880269;CLARO;8;PARDA;N; ;maria.barboza@globalhitss.com.br;MARIA.BARBOZA; ; ;Conta Corrente;341;341-ITAU;1661;71888-0;CELSO RAMOS;145;5734080;-;SAO PAULO;SP;10;11-932159083; ; ;VILA ANDRADE;SAO PAULO;APTO 75 A;SP;0;0;REGIS MACEDO BARBOZA;10;BRASIL;GIRLENE MENDES DE LIMA;10;BRASIL;47;SINDPD SP;47;SINDPD SP; ; ;56;SINDPD-SP;10/03/2025;16/12/2026;26/09/2025; ;184405;MONICA FERREIRA REIS CARVALHO;monica.carvalho@globalhitss.com.br;mariaeduardam.barboza@gmail.com;monica.carvalho@globalhitss.com.br
978505;GUSTAVO MACIEL DA SILVA;GUSTAVO MACIEL DA SILVA;GUSTAVO;ATIVO;14/07/2025;14/08/2007;10;BRASIL; ; ; ; ; ; ; ;18;0;18 Ano(s),02 Mes(es) e08 Dia(s);00 Ano(s),03 Mes(es) e07 Dia(s); ; ; ; ; ; ;189.626.217-11;263472201-/RJ;RJ;DETRA;03/03/2023; ; ; ;1896262;1711; ;RJ;27105723691;1,86537E+11;326;170; ; ;S;SOLTEIRO;M;MASCULINO;6;SEGUNDO GRAU INCOMPLETO;M;APRENDIZ;F;T30;FOLHA ULTIMO DIA MÊS;283727;23634;APRENDIZ OP MICROCOMPUTADOR;317205;713.2;TS95;TABELA SALARIAL - 95;39 - APR / EST;APR / EST;90;90; ;100; ;978505;Mensalista;CE023;HITSS;HRJ1660188;PROJETO JOVEM APRENDIZ;HITSS;CE023001;HITSS-RIO DE JANEIRO-PRESIDENTE VARGAS; ;CE023;HITSS DO BRASIL SERVICOS TECNOLOGICOS LTDA;HITSS;HITSS DO BRASIL SERVICOS TECNOLOGICOS LTDA;011.168.199/0001-88;85MZBR8H78;RIO DE JANEIRO;RJ;G; ;HIT;HITSS DO BRASIL;SAPCLR_UNICO;SAP - CLAROUNICO; ; ;1040199;HITSS;1050414;HITSS;1161954;HITSS;N.S.A.;NAO INFORMADO;1182636;HITSS;1;NAO SE APLICA;1200011;GLOBAL HITSS;1210123;HITSS;1230192;HITSS;180;S;N; ;842;HAPR; ;GESTOR NAO ENCONTRADO; ;DEPARTAMENTO NAO ENCONTRADO;2;BRANCA;N; ;gustavo.maciel@globalhitss.com.br;GUSTAVO.MACIEL; ; ;Conta Corrente;341;341-ITAU;281;40370-9;RUA SEVERINO BRANDAO;11;20540030;-;RIO DE JANEIRO;RJ;10;21-998674990; ; ;TIJUCA;RIO DE JANEIRO; ;RJ;0;0;MANOEL COSTA MACIEL; ; ;MARIA LUIZA SOUZA DA SILVA; ; ;44;SINDPD RJ;44;SINDPD RJ; ; ;55;SINDPD RJ; ; ;20/10/2025; ; ;GESTOR NAO ENCONTRADO; ;gm3902939@gmail.com; 
962216;ANA BEATRIZ DE OLIVEIRA LESSA;ANA BEATRIZ DE OLIVEIRA LESSA;ANA;ATIVO;05/02/2024;18/08/2005;10;BRASIL; ; ; ; ; ; ; ;20;1;20 Ano(s),02 Mes(es) e04 Dia(s);01 Ano(s),08 Mes(es) e17 Dia(s); ; ; ; ; ; ;186.948.927-66;26797799-9/RJ;RJ;DETRAN;19/05/2023; ; ; ;1869489;2766;RJ;RJ;21249875023;1,7847E+11;366;125; ; ;S;SOLTEIRO;F;FEMININO;7;SEGUNDO GRAU COMPLETO;M;APRENDIZ;F;H30;HITSS FOLHA ULTIMO DIA MÊS;258643;23634;APRENDIZ OP MICROCOMPUTADOR;317205;713.2;TS95;TABELA SALARIAL - 95;39 - APR / EST;APR / EST;90;90; ;100; ;475;Mensalista;CE023;HITSS;HRJ1660188;PROJETO JOVEM APRENDIZ;HITSS;CE023001;HITSS-RIO DE JANEIRO-PRESIDENTE VARGAS; ;CE023;HITSS DO BRASIL SERVICOS TECNOLOGICOS LTDA;HITSS;HITSS DO BRASIL SERVICOS TECNOLOGICOS LTDA;011.168.199/0001-88;85MZBR8H78;RIO DE JANEIRO;RJ;G; ;HIT;HITSS DO BRASIL;SAPCLR_UNICO;SAP - CLAROUNICO; ; ;1040199;HITSS;1050414;HITSS;1161954;HITSS;N.S.A.;NAO INFORMADO;1182636;HITSS;1;NAO SE APLICA;1200011;GLOBAL HITSS;1210123;HITSS;1230192;HITSS;180;S;N; ;842;HAPR;173693;ANDREIA TRINDADE ROCHA;HRJ2170188;PETROBRAS SA;2;BRANCA;N; ;ana.lessa@globalhitss.com.br;ANA.LESSA; ; ;Conta Corrente;341;341-ITAU;6312;78204-5;ESTRADA ATERRADO DO LEME;1180;23575330;-;RIO DE JANEIRO;RJ;10;21-965821494; ; ;SANTA CRUZ;RIO DE JANEIRO;BL 16 AP 201;RJ;0;0;DANIEL DA SILVA LESSA; ; ;CRISTIANE LIMA DE OLIVEIRA; ; ;44;SINDPD RJ;44;SINDPD RJ; ; ;55;SINDPD RJ;05/02/2024;05/01/2026;26/09/2025; ;173693;ANDREIA TRINDADE ROCHA;andreia.rocha@globalhitss.com.br;analessa.jobs@gmail.com;andreia.rocha@globalhitss.com.br
978453;NICOLLAS MARQUES DOS SANTOS;NICOLLAS MARQUES DOS SANTOS;NICOLLAS;ATIVO;14/07/2025;10/08/2006;10;BRASIL; ; ; ; ; ; ; ;19;0;19 Ano(s),02 Mes(es) e12 Dia(s);00 Ano(s),03 Mes(es) e07 Dia(s); ; ; ; ; ; ;473.993.538-40;578847942-/SP;SP;SSP;15/03/2024; ; ; ; ; ; ; ;14279705719;4,93267E+11;753;346;3,2001E+11; ;S;SOLTEIRO;M;MASCULINO;7;SEGUNDO GRAU COMPLETO;M;APRENDIZ;F;T30;FOLHA ULTIMO DIA MÊS;261393;23634;APRENDIZ OP MICROCOMPUTADOR;317205;713.2;TS100;TABELA SALARIAL - 100;39 - APR / EST;APR / EST;90;90; ;100; ;3456;Mensalista;CE023;HITSS;HSP3870269;PROJETO JOVEM APRENDIZ;HITSS;CE023002;HITSS-CAMPINAS-BERNARDINO DE CAMPOS; ;CE023;HITSS DO BRASIL SERVICOS TECNOLOGICOS LTDA;HITSS;HITSS DO BRASIL SERVICOS TECNOLOGICOS LTDA;011.168.199/0002-69;85SPSP8H66;CAMPINAS;SP;G; ;HIT;HITSS DO BRASIL;SAPCLR_UNICO;SAP - CLAROUNICO; ; ;1040199;HITSS;1050414;HITSS;1161954;HITSS;N.S.A.;NAO INFORMADO;1182636;HITSS;1;NAO SE APLICA;1200011;GLOBAL HITSS;1210123;HITSS;1230192;HITSS;180;S;N; ;842;HAPR;188944;THAIANNY KETLY PEREIRA DA SILVA;HSP4170269;TOKIO MARINE SP;4;PRETA;N; ;nicollas.santos@globalhitss.com.br;NICOLLAS.SANTOS; ; ;Conta Corrente;341;341-ITAU;3100;46391-2;JOAO GUILHERME;431;5528240;-;SAO PAULO;SP;10;11-986954386; ; ;JARDIM ALVORADA;SAO PAULO;CASA 210;SP;0;0;MARCOS PEREIRA DOS SANTOS; ; ;VALERIA MARQUES DE SANTANA SANTOS; ; ;47;SINDPD SP;47;SINDPD SP; ; ;56;SINDPD-SP; ; ;26/09/2025; ;188944;THAIANNY KETLY PEREIRA DA SILVA;thaianny.silva@globalhitss.com.br;nicollasmarquessantos16@gmail.com;thaianny.silva@globalhitss.com.br
978429;ANTONY GABRIEL BARROS DA SILVA;ANTONY GABRIEL BARROS DA SILVA;ANTONY;ATIVO;14/07/2025;24/10/2008;10;BRASIL; ; ; ; ; ; ; ;17;0;16 Ano(s),11 Mes(es) e29 Dia(s);00 Ano(s),03 Mes(es) e07 Dia(s); ; ; ; ; ; ;213.717.947-40;317197309-/MA;MA;DETRAN;28/04/2015; ; ; ;2137179;4740;RJ;RJ;21239915448; ; ; ; ; ;S;SOLTEIRO;M;MASCULINO;6;SEGUNDO GRAU INCOMPLETO;M;APRENDIZ;F;H30;HITSS FOLHA ULTIMO DIA MÊS;283728;23634;APRENDIZ OP MICROCOMPUTADOR;317205;713.2;TS95;TABELA SALARIAL - 95;39 - APR / EST;APR / EST;90;90; ;100; ;978429;Mensalista;CE023;HITSS;HRJ1660188;PROJETO JOVEM APRENDIZ;HITSS;CE023001;HITSS-RIO DE JANEIRO-PRESIDENTE VARGAS; ;CE023;HITSS DO BRASIL SERVICOS TECNOLOGICOS LTDA;HITSS;HITSS DO BRASIL SERVICOS TECNOLOGICOS LTDA;011.168.199/0001-88;85MZBR8H78;RIO DE JANEIRO;RJ;G; ;HIT;HITSS DO BRASIL;SAPCLR_UNICO;SAP - CLAROUNICO; ; ;1040199;HITSS;1050414;HITSS;1161954;HITSS;N.S.A.;NAO INFORMADO;1182636;HITSS;1;NAO SE APLICA;1200011;GLOBAL HITSS;1210123;HITSS;1230192;HITSS;180;S;N; ;842;HAPR; ;GESTOR NAO ENCONTRADO; ;DEPARTAMENTO NAO ENCONTRADO;6;AMARELA;N; ;antony.silva@globalhitss.com.br;ANTONY.SILVA; ; ;Conta Corrente;341;341-ITAU;8794;45761-7;AVENIDA PASTOR MARTIN LUTHER KING;989;20765630;-;RIO DE JANEIRO;RJ;10;21-982479487; ; ;INHAUMA;RIO DE JANEIRO;BL 3 AP 1306;RJ;0;0;TIAGO BARROS DA SILVA; ; ;ROSILENE PEREIRA DE BARROS; ; ;44;SINDPD RJ;44;SINDPD RJ;44;SINDPD RJ;55;SINDPD RJ; ; ;20/10/2025; ; ;GESTOR NAO ENCONTRADO; ;bielzin.silva.barros@gmail.com; 
974134;EDUARDO MARQUES EUSEBIO;EDUARDO MARQUES EUSEBIO;EDUARDO;ATIVO;10/03/2025;02/08/2006;10;BRASIL; ; ; ; ; ; ; ;19;0;19 Ano(s),02 Mes(es) e20 Dia(s);00 Ano(s),07 Mes(es) e11 Dia(s); ; ; ; ; ; ;429.863.148-64;589455394-/SP;SP;SSP;04/08/2014; ; ; ;4298631;4864; ;SP;23821002227;4,74053E+11;870;247;3,2001E+11; ;S;SOLTEIRO;M;MASCULINO;7;SEGUNDO GRAU COMPLETO;M;APRENDIZ;F;H30;HITSS FOLHA ULTIMO DIA MÊS;269963;23634;APRENDIZ OP MICROCOMPUTADOR;317205;713.2;TS100;TABELA SALARIAL - 100;39 - APR / EST;APR / EST;90;90; ;100; ;3057;Mensalista;CE023;HITSS;HSP2540269;DIRETORIA DE OPERAÇÕES;HITSS;CE023002;HITSS-CAMPINAS-BERNARDINO DE CAMPOS; ;CE023;HITSS DO BRASIL SERVICOS TECNOLOGICOS LTDA;HITSS;HITSS DO BRASIL SERVICOS TECNOLOGICOS LTDA;011.168.199/0002-69;85SPSP8H66;CAMPINAS;SP;G; ;HIT;HITSS DO BRASIL;SAPCLR_UNICO;SAP - CLAROUNICO; ; ;1040199;HITSS;1050414;HITSS;1161954;HITSS;N.S.A.;NAO INFORMADO;1182636;HITSS;1;NAO SE APLICA;1200011;GLOBAL HITSS;1210123;HITSS;1230192;HITSS;180;S;N; ;842;HAPR;975779;FABIO VELOSO OKUTA;HSP2900269;PRIMESYS;2;BRANCA;N; ;eduardo.eusebio@globalhitss.com.br;EDUARDO.EUSEBIO; ; ;Conta Corrente;341;341-ITAU;4300;58143-8;BERNADO CASTANHON;105;8050160;-;SAO PAULO;SP;10;11-978281441; ; ;SAO MIGUEL PAULISTA;SAO PAULO;FUNDOS;SP;0;0;ALLAN MARCEL EUSEBIO;10;BRASIL;TALITA SANTOS MARQUES;10;BRASIL;47;SINDPD SP;47;SINDPD SP; ; ;56;SINDPD-SP; ; ;26/09/2025; ;975779;FABIO VELOSO OKUTA;fabio.okuta@globalhitss.com.br;edumarqueseusebio@gmail.com;fabio.okuta@globalhitss.com.br
965135;JESSICA GOMES MASSINI;JESSICA GOMES MASSINI;JESSICA;ATIVO;13/05/2024;10/04/2006;10;BRASIL; ; ; ; ; ; ; ;19;1;19 Ano(s),06 Mes(es) e12 Dia(s);01 Ano(s),05 Mes(es) e09 Dia(s); ; ; ; ; ; ;480.421.338-47;581337529-/SP;SP;SSP;21/11/2013; ; ; ;4804213;3847; ;SP;26741682218;4,91328E+11;323;421; ; ;S;SOLTEIRO;F;FEMININO;6;SEGUNDO GRAU INCOMPLETO;M;APRENDIZ;F;H30;HITSS FOLHA ULTIMO DIA MÊS;261469;23634;APRENDIZ OP MICROCOMPUTADOR;317205;713.2;TS100;TABELA SALARIAL - 100;39 - APR / EST;APR / EST;90;90; ;100; ;2216;Mensalista;CE023;HITSS;HSP3870269;PROJETO JOVEM APRENDIZ;HITSS;CE023002;HITSS-CAMPINAS-BERNARDINO DE CAMPOS; ;CE023;HITSS DO BRASIL SERVICOS TECNOLOGICOS LTDA;HITSS;HITSS DO BRASIL SERVICOS TECNOLOGICOS LTDA;011.168.199/0002-69;85SPSP8H66;CAMPINAS;SP;G; ;HIT;HITSS DO BRASIL;SAPCLR_UNICO;SAP - CLAROUNICO; ; ;1040199;HITSS;1050414;HITSS;1161954;HITSS;N.S.A.;NAO INFORMADO;1182636;HITSS;1;NAO SE APLICA;1200011;GLOBAL HITSS;1210123;HITSS;1230192;HITSS;180;S;N; ;842;HAPR;188146;ALINE VILARONGA ALMEIDA;HSP3920269;RUMO ALL SP;8;PARDA;N; ;jessica.massini@globalhitss.com.br;JESSICA.MASSINI; ; ;Conta Corrente;341;341-ITAU;8573;49863-4;CONJUNTO RUA FLOR DA MADRUGADA;203;3927020;-;SAO MIGUEL ARCANJO;SP;10; ; ; ;CONJUNTO PROMORAR SAPOPEM;SAO PAULO;APT 32 C;SP;0;0;CARLOS ALBERTO MASSINI;10;BRASIL;ELENICE GOMES MASSINI;10;BRASIL;47;SINDPD SP;47;SINDPD SP; ; ;56;SINDPD-SP; ; ;26/09/2025; ;188146;ALINE VILARONGA ALMEIDA;aline.almeida@globalhitss.com.br;massinijessica60@gmail.com;aline.almeida@globalhitss.com.br
965156;ANDRE DE FARIA PAIVA FILHO;ANDRE DE FARIA PAIVA FILHO;ANDRE;ATIVO;13/05/2024;15/12/2005;10;BRASIL; ; ; ; ; ; ; ;19;1;19 Ano(s),10 Mes(es) e07 Dia(s);01 Ano(s),05 Mes(es) e09 Dia(s); ; ; ; ; ; ;029.011.911-18;391974-3/DF;DF;SSP;04/05/2017; ; ; ;290119;1118;DF;DF;26982819602; ; ; ; ; ;S;SOLTEIRO;M;MASCULINO;6;SEGUNDO GRAU INCOMPLETO;M;APRENDIZ;F;H30;HITSS FOLHA ULTIMO DIA MÊS;261455;23634;APRENDIZ OP MICROCOMPUTADOR;317205;713.2;TS95;TABELA SALARIAL - 95;39 - APR / EST;APR / EST;90;90; ;100; ;986;Mensalista;CE023;HITSS;HDF4970340;PROJETO JOVEM APRENDIZ;HITSS;CE023003;HITSS-BRASILIA-ST SCS QUADRA 05; ;CE023;HITSS DO BRASIL SERVICOS TECNOLOGICOS LTDA;HITSS;HITSS DO BRASIL SERVICOS TECNOLOGICOS LTDA;011.168.199/0003-40;85RJRE8H66;BRASILIA;DF;G; ;HIT;HITSS DO BRASIL;SAPCLR_UNICO;SAP - CLAROUNICO; ; ;1040199;HITSS;1050414;HITSS;1161954;HITSS;N.S.A.;NAO INFORMADO;1182636;HITSS;1;NAO SE APLICA;1200011;GLOBAL HITSS;1210123;HITSS;1230192;HITSS;180;S;N; ;842;HAPR;188944;THAIANNY KETLY PEREIRA DA SILVA;HSP4170269;TOKIO MARINE SP;2;BRANCA;N; ;andre.filho@globalhitss.com.br;ANDRE.FILHO;N; ;Conta Corrente;341;341-ITAU;8500;11303-3;RUA AR 11 CONJUNTO 5;9;73060205;61-30300630;BRASILIA;DF;10;61- 998218989; ; ;SETOR OESTE SOBRADINHO I;BRASILIA;SOBRADINHO 2 SETOR OESTE;DF;0;0;ANDRE DE FARIA PAIVA;10;BRASIL;ARILMA DE SOUSA BRANCO PAIVA;10;BRASIL;46;SINDPD DF;46;SINDPD DF;46;SINDPD DF;57;SINDPD DF; ; ;26/09/2025; ;188944;THAIANNY KETLY PEREIRA DA SILVA;thaianny.silva@globalhitss.com.br;andrefilhopaiva@gmail.com;thaianny.silva@globalhitss.com.br
